"year","scenario","variable","iter","value"
1975,"F.msy","ssb","1",553687.901324606
1976,"F.msy","ssb","1",595252.749632099
1977,"F.msy","ssb","1",615799.085658426
1978,"F.msy","ssb","1",568760.375917152
1979,"F.msy","ssb","1",578527.582969652
1980,"F.msy","ssb","1",615559.041957258
1981,"F.msy","ssb","1",721392.766786412
1982,"F.msy","ssb","1",710477.642903627
1983,"F.msy","ssb","1",697897.34567718
1984,"F.msy","ssb","1",683567.966760764
1985,"F.msy","ssb","1",577895.879023184
1986,"F.msy","ssb","1",517088.438043707
1987,"F.msy","ssb","1",464285.698607911
1988,"F.msy","ssb","1",467986.977148513
1989,"F.msy","ssb","1",479113.472733382
1990,"F.msy","ssb","1",463272.423860786
1991,"F.msy","ssb","1",433629.774389273
1992,"F.msy","ssb","1",401249.861141677
1993,"F.msy","ssb","1",406264.759915454
1994,"F.msy","ssb","1",364955.907083311
1995,"F.msy","ssb","1",314294.418206309
1996,"F.msy","ssb","1",277006.388689437
1997,"F.msy","ssb","1",244460.186221508
1998,"F.msy","ssb","1",189428.113041493
1999,"F.msy","ssb","1",169428.788711698
2000,"F.msy","ssb","1",132718.703145253
2001,"F.msy","ssb","1",124340.628734586
2002,"F.msy","ssb","1",131993.276298936
2003,"F.msy","ssb","1",136316.603616205
2004,"F.msy","ssb","1",143604.118826699
2005,"F.msy","ssb","1",130039.500105922
2006,"F.msy","ssb","1",140873.824435155
2007,"F.msy","ssb","1",141976.733833611
2008,"F.msy","ssb","1",154671.761922566
2009,"F.msy","ssb","1",151643.973113862
2010,"F.msy","ssb","1",151142.635191859
2011,"F.msy","ssb","1",159812.013845189
2012,"F.msy","ssb","1",160682.989524527
2013,"F.msy","ssb","1",183115.108100867
2014,"F.msy","ssb","1",197031.666687261
2015,"F.msy","ssb","1",169508.015763758
2016,"F.msy","ssb","1",151123.750142573
2017,"F.msy","ssb","1",148326.909578043
2018,"F.msy","ssb","1",132061.173111795
2019,"F.msy","ssb","1",129666.831863083
2020,"F.msy","ssb","1",136227.579374107
2021,"F.msy","ssb","1",149039.890215266
2022,"F.msy","ssb","1",182426.59156657
2023,"F.msy","ssb","1",232358.835303763
2024,"F.msy","ssb","1",275529.577499412
2025,"F.msy","ssb","1",326580.395731068
2026,"F.msy","ssb","1",373316.037514813
2027,"F.msy","ssb","1",393129.343427696
1975,"F.msy","ssb","2",551692.255006571
1976,"F.msy","ssb","2",594526.775309433
1977,"F.msy","ssb","2",615388.633969794
1978,"F.msy","ssb","2",568089.602360176
1979,"F.msy","ssb","2",577080.831237266
1980,"F.msy","ssb","2",614190.67160094
1981,"F.msy","ssb","2",722239.8308459
1982,"F.msy","ssb","2",710410.71931578
1983,"F.msy","ssb","2",697904.839471375
1984,"F.msy","ssb","2",684026.29034504
1985,"F.msy","ssb","2",577676.604519806
1986,"F.msy","ssb","2",517379.642922852
1987,"F.msy","ssb","2",465291.279310765
1988,"F.msy","ssb","2",468733.891781683
1989,"F.msy","ssb","2",479917.656331118
1990,"F.msy","ssb","2",463722.353455454
1991,"F.msy","ssb","2",433041.017010117
1992,"F.msy","ssb","2",400228.196560331
1993,"F.msy","ssb","2",405689.107627243
1994,"F.msy","ssb","2",364061.299453535
1995,"F.msy","ssb","2",313232.877565385
1996,"F.msy","ssb","2",276703.517441958
1997,"F.msy","ssb","2",244587.213136585
1998,"F.msy","ssb","2",189858.402005901
1999,"F.msy","ssb","2",169689.077566505
2000,"F.msy","ssb","2",133239.400058225
2001,"F.msy","ssb","2",125150.430841708
2002,"F.msy","ssb","2",133511.772752099
2003,"F.msy","ssb","2",138426.139146523
2004,"F.msy","ssb","2",144452.035219813
2005,"F.msy","ssb","2",129714.799883032
2006,"F.msy","ssb","2",139446.577047338
2007,"F.msy","ssb","2",139515.63490688
2008,"F.msy","ssb","2",152734.222552572
2009,"F.msy","ssb","2",149751.231394818
2010,"F.msy","ssb","2",149260.679044918
2011,"F.msy","ssb","2",157932.728299743
2012,"F.msy","ssb","2",161679.663947935
2013,"F.msy","ssb","2",179862.119752939
2014,"F.msy","ssb","2",200339.514634529
2015,"F.msy","ssb","2",164306.179017537
2016,"F.msy","ssb","2",165433.003638073
2017,"F.msy","ssb","2",182605.309237307
2018,"F.msy","ssb","2",198202.769002091
2019,"F.msy","ssb","2",237277.225415413
2020,"F.msy","ssb","2",261900.721780417
2021,"F.msy","ssb","2",277856.036434952
2022,"F.msy","ssb","2",286388.680289287
2023,"F.msy","ssb","2",297649.473069532
2024,"F.msy","ssb","2",300704.577355899
2025,"F.msy","ssb","2",310596.471473804
2026,"F.msy","ssb","2",324498.741006744
2027,"F.msy","ssb","2",307921.045862103
1975,"F.msy","catch","1",33887.17076
1976,"F.msy","catch","1",46985.34951
1977,"F.msy","catch","1",54576.48329
1978,"F.msy","catch","1",44820.34257
1979,"F.msy","catch","1",41362.20957
1980,"F.msy","catch","1",48593.03983
1981,"F.msy","catch","1",93559.14384
1982,"F.msy","catch","1",84687.75543
1983,"F.msy","catch","1",83926.9287
1984,"F.msy","catch","1",92723.70925
1985,"F.msy","catch","1",75520.79521
1986,"F.msy","catch","1",79547.10662
1987,"F.msy","catch","1",73428.22243
1988,"F.msy","catch","1",68191.01985
1989,"F.msy","catch","1",71097.69552
1990,"F.msy","catch","1",61881.51723
1991,"F.msy","catch","1",54138.19362
1992,"F.msy","catch","1",40049.74245
1993,"F.msy","catch","1",45885.19472
1994,"F.msy","catch","1",39142.88424
1995,"F.msy","catch","1",41128.88723
1996,"F.msy","catch","1",44309.77398
1997,"F.msy","catch","1",38522.33936
1998,"F.msy","catch","1",36138.84419
1999,"F.msy","catch","1",27949.14912
2000,"F.msy","catch","1",26107.09943
2001,"F.msy","catch","1",24138.39253
2002,"F.msy","catch","1",24100.78598
2003,"F.msy","catch","1",21620.4976
2004,"F.msy","catch","1",26929.89563
2005,"F.msy","catch","1",20906.72463
2006,"F.msy","catch","1",20475.45238
2007,"F.msy","catch","1",21984.36186
2008,"F.msy","catch","1",27583.67457
2009,"F.msy","catch","1",34163.69678
2010,"F.msy","catch","1",34213.8274
2011,"F.msy","catch","1",54816.06731
2012,"F.msy","catch","1",58732.69835
2013,"F.msy","catch","1",71643.24716
2014,"F.msy","catch","1",82538.66228
2015,"F.msy","catch","1",78012.42535
2016,"F.msy","catch","1",79405.17798
2017,"F.msy","catch","1",82538.66228
2018,"F.msy","catch","1",27218.5707002703
2019,"F.msy","catch","1",25287.0528308596
2020,"F.msy","catch","1",20771.9485885292
2021,"F.msy","catch","1",30014.905168285
2022,"F.msy","catch","1",42180.0211789805
2023,"F.msy","catch","1",53541.3255682124
2024,"F.msy","catch","1",53184.1060039916
2025,"F.msy","catch","1",56042.4624235397
2026,"F.msy","catch","1",69160.7299245744
2027,"F.msy","catch","1",69863.5670283873
1975,"F.msy","catch","2",33887.17076
1976,"F.msy","catch","2",46985.34951
1977,"F.msy","catch","2",54576.48329
1978,"F.msy","catch","2",44820.34257
1979,"F.msy","catch","2",41362.20957
1980,"F.msy","catch","2",48593.03983
1981,"F.msy","catch","2",93559.14384
1982,"F.msy","catch","2",84687.75543
1983,"F.msy","catch","2",83926.9287
1984,"F.msy","catch","2",92723.70925
1985,"F.msy","catch","2",75520.79521
1986,"F.msy","catch","2",79547.10662
1987,"F.msy","catch","2",73428.22243
1988,"F.msy","catch","2",68191.01985
1989,"F.msy","catch","2",71097.69552
1990,"F.msy","catch","2",61881.51723
1991,"F.msy","catch","2",54138.19362
1992,"F.msy","catch","2",40049.74245
1993,"F.msy","catch","2",45885.19472
1994,"F.msy","catch","2",39142.88424
1995,"F.msy","catch","2",41128.88723
1996,"F.msy","catch","2",44309.77398
1997,"F.msy","catch","2",38522.33936
1998,"F.msy","catch","2",36138.84419
1999,"F.msy","catch","2",27949.14912
2000,"F.msy","catch","2",26107.09943
2001,"F.msy","catch","2",24138.39253
2002,"F.msy","catch","2",24100.78598
2003,"F.msy","catch","2",21620.4976
2004,"F.msy","catch","2",26929.89563
2005,"F.msy","catch","2",20906.72463
2006,"F.msy","catch","2",20475.45238
2007,"F.msy","catch","2",21984.36186
2008,"F.msy","catch","2",27583.67457
2009,"F.msy","catch","2",34163.69678
2010,"F.msy","catch","2",34213.8274
2011,"F.msy","catch","2",54816.06731
2012,"F.msy","catch","2",58732.69835
2013,"F.msy","catch","2",71643.24716
2014,"F.msy","catch","2",82538.66228
2015,"F.msy","catch","2",78012.42535
2016,"F.msy","catch","2",79405.17798
2017,"F.msy","catch","2",82538.66228
2018,"F.msy","catch","2",27290.3328417549
2019,"F.msy","catch","2",30095.1787747635
2020,"F.msy","catch","2",30990.595548498
2021,"F.msy","catch","2",57417.1995402762
2022,"F.msy","catch","2",60071.4412247092
2023,"F.msy","catch","2",64628.7567617588
2024,"F.msy","catch","2",74041.8494469245
2025,"F.msy","catch","2",78156.9674306627
2026,"F.msy","catch","2",80763.090943279
2027,"F.msy","catch","2",80415.7095002966
1975,"F.msy","fbar","1",0.0887792801142769
1976,"F.msy","fbar","1",0.112259617882781
1977,"F.msy","fbar","1",0.125898869245961
1978,"F.msy","fbar","1",0.110091242396679
1979,"F.msy","fbar","1",0.0989129446186778
1980,"F.msy","fbar","1",0.115769962730955
1981,"F.msy","fbar","1",0.219285178436158
1982,"F.msy","fbar","1",0.2025015870981
1983,"F.msy","fbar","1",0.194917034903945
1984,"F.msy","fbar","1",0.205399842389221
1985,"F.msy","fbar","1",0.178609547814631
1986,"F.msy","fbar","1",0.211200938086808
1987,"F.msy","fbar","1",0.248849324230207
1988,"F.msy","fbar","1",0.269782890181719
1989,"F.msy","fbar","1",0.297238156152903
1990,"F.msy","fbar","1",0.246445509734722
1991,"F.msy","fbar","1",0.21103102156918
1992,"F.msy","fbar","1",0.149876455824821
1993,"F.msy","fbar","1",0.168930081883429
1994,"F.msy","fbar","1",0.148188859396745
1995,"F.msy","fbar","1",0.167202665939654
1996,"F.msy","fbar","1",0.229361109736889
1997,"F.msy","fbar","1",0.240129416399604
1998,"F.msy","fbar","1",0.288590694061344
1999,"F.msy","fbar","1",0.308739174852886
2000,"F.msy","fbar","1",0.408623621929108
2001,"F.msy","fbar","1",0.441595094000612
2002,"F.msy","fbar","1",0.446819497858598
2003,"F.msy","fbar","1",0.391280586684764
2004,"F.msy","fbar","1",0.411014815096156
2005,"F.msy","fbar","1",0.352365686907855
2006,"F.msy","fbar","1",0.336659449575112
2007,"F.msy","fbar","1",0.329448682147408
2008,"F.msy","fbar","1",0.359953083332975
2009,"F.msy","fbar","1",0.567037983325845
2010,"F.msy","fbar","1",0.496540455025224
2011,"F.msy","fbar","1",0.901440036929555
2012,"F.msy","fbar","1",1.01524333772645
2013,"F.msy","fbar","1",1.17297878514348
2014,"F.msy","fbar","1",1.70952075887791
2015,"F.msy","fbar","1",1.47685578770545
2016,"F.msy","fbar","1",1.57400465522185
2017,"F.msy","fbar","1",2.13946150825583
2018,"F.msy","fbar","1",0.609542138232372
2019,"F.msy","fbar","1",0.4327988110021
2020,"F.msy","fbar","1",0.307343703552631
2021,"F.msy","fbar","1",0.404157381450285
2022,"F.msy","fbar","1",0.521575167368461
2023,"F.msy","fbar","1",0.563880262279847
2024,"F.msy","fbar","1",0.450442131903738
2025,"F.msy","fbar","1",0.380173008352302
2026,"F.msy","fbar","1",0.400669359223089
2027,"F.msy","fbar","1",0.370369641350175
1975,"F.msy","fbar","2",0.0891184902538819
1976,"F.msy","fbar","2",0.112505169466411
1977,"F.msy","fbar","2",0.126009553144764
1978,"F.msy","fbar","2",0.110270169902892
1979,"F.msy","fbar","2",0.0991734421331482
1980,"F.msy","fbar","2",0.116060195659998
1981,"F.msy","fbar","2",0.21903229893733
1982,"F.msy","fbar","2",0.20237417419749
1983,"F.msy","fbar","2",0.194926330680231
1984,"F.msy","fbar","2",0.205322996176929
1985,"F.msy","fbar","2",0.178700082051321
1986,"F.msy","fbar","2",0.211157173831569
1987,"F.msy","fbar","2",0.248494222495715
1988,"F.msy","fbar","2",0.269181736908353
1989,"F.msy","fbar","2",0.296415509437487
1990,"F.msy","fbar","2",0.246025326123462
1991,"F.msy","fbar","2",0.21092276140722
1992,"F.msy","fbar","2",0.150260142889548
1993,"F.msy","fbar","2",0.169257151004085
1994,"F.msy","fbar","2",0.148595480418895
1995,"F.msy","fbar","2",0.167645363860284
1996,"F.msy","fbar","2",0.229721757702639
1997,"F.msy","fbar","2",0.240373491263622
1998,"F.msy","fbar","2",0.288295567353531
1999,"F.msy","fbar","2",0.308264506326192
2000,"F.msy","fbar","2",0.407272282395346
2001,"F.msy","fbar","2",0.439060033458887
2002,"F.msy","fbar","2",0.442166815188869
2003,"F.msy","fbar","2",0.384366503501796
2004,"F.msy","fbar","2",0.402312247641181
2005,"F.msy","fbar","2",0.354186981674014
2006,"F.msy","fbar","2",0.345096287485584
2007,"F.msy","fbar","2",0.338196568951453
2008,"F.msy","fbar","2",0.366429567349902
2009,"F.msy","fbar","2",0.576690004233385
2010,"F.msy","fbar","2",0.504169206542376
2011,"F.msy","fbar","2",0.903564653352547
2012,"F.msy","fbar","2",1.00833127600388
2013,"F.msy","fbar","2",1.17856808815664
2014,"F.msy","fbar","2",1.69427955280132
2015,"F.msy","fbar","2",1.45302622960645
2016,"F.msy","fbar","2",1.56981863036812
2017,"F.msy","fbar","2",1.57063960567781
2018,"F.msy","fbar","2",0.366964576959506
2019,"F.msy","fbar","2",0.269815568027475
2020,"F.msy","fbar","2",0.226201564768784
2021,"F.msy","fbar","2",0.403695555656274
2022,"F.msy","fbar","2",0.440786815449673
2023,"F.msy","fbar","2",0.473535460685656
2024,"F.msy","fbar","2",0.549103113762492
2025,"F.msy","fbar","2",0.587647336600539
2026,"F.msy","fbar","2",0.599609782562446
2027,"F.msy","fbar","2",0.612792559041043
1975,"Bpa.Fmsy2020","ssb","1",553687.901324606
1976,"Bpa.Fmsy2020","ssb","1",595252.749632099
1977,"Bpa.Fmsy2020","ssb","1",615799.085658426
1978,"Bpa.Fmsy2020","ssb","1",568760.375917152
1979,"Bpa.Fmsy2020","ssb","1",578527.582969652
1980,"Bpa.Fmsy2020","ssb","1",615559.041957258
1981,"Bpa.Fmsy2020","ssb","1",721392.766786412
1982,"Bpa.Fmsy2020","ssb","1",710477.642903627
1983,"Bpa.Fmsy2020","ssb","1",697897.34567718
1984,"Bpa.Fmsy2020","ssb","1",683567.966760764
1985,"Bpa.Fmsy2020","ssb","1",577895.879023184
1986,"Bpa.Fmsy2020","ssb","1",517088.438043707
1987,"Bpa.Fmsy2020","ssb","1",464285.698607911
1988,"Bpa.Fmsy2020","ssb","1",467986.977148513
1989,"Bpa.Fmsy2020","ssb","1",479113.472733382
1990,"Bpa.Fmsy2020","ssb","1",463272.423860786
1991,"Bpa.Fmsy2020","ssb","1",433629.774389273
1992,"Bpa.Fmsy2020","ssb","1",401249.861141677
1993,"Bpa.Fmsy2020","ssb","1",406264.759915454
1994,"Bpa.Fmsy2020","ssb","1",364955.907083311
1995,"Bpa.Fmsy2020","ssb","1",314294.418206309
1996,"Bpa.Fmsy2020","ssb","1",277006.388689437
1997,"Bpa.Fmsy2020","ssb","1",244460.186221508
1998,"Bpa.Fmsy2020","ssb","1",189428.113041493
1999,"Bpa.Fmsy2020","ssb","1",169428.788711698
2000,"Bpa.Fmsy2020","ssb","1",132718.703145253
2001,"Bpa.Fmsy2020","ssb","1",124340.628734586
2002,"Bpa.Fmsy2020","ssb","1",131993.276298936
2003,"Bpa.Fmsy2020","ssb","1",136316.603616205
2004,"Bpa.Fmsy2020","ssb","1",143604.118826699
2005,"Bpa.Fmsy2020","ssb","1",130039.500105922
2006,"Bpa.Fmsy2020","ssb","1",140873.824435155
2007,"Bpa.Fmsy2020","ssb","1",141976.733833611
2008,"Bpa.Fmsy2020","ssb","1",154671.761922566
2009,"Bpa.Fmsy2020","ssb","1",151643.973113862
2010,"Bpa.Fmsy2020","ssb","1",151142.635191859
2011,"Bpa.Fmsy2020","ssb","1",159812.013845189
2012,"Bpa.Fmsy2020","ssb","1",160682.989524527
2013,"Bpa.Fmsy2020","ssb","1",183115.108100867
2014,"Bpa.Fmsy2020","ssb","1",197031.666687261
2015,"Bpa.Fmsy2020","ssb","1",169508.015763758
2016,"Bpa.Fmsy2020","ssb","1",151123.750142573
2017,"Bpa.Fmsy2020","ssb","1",148326.909578043
2018,"Bpa.Fmsy2020","ssb","1",132061.173111795
2019,"Bpa.Fmsy2020","ssb","1",53765.5265576235
2020,"Bpa.Fmsy2020","ssb","1",29887.3976183348
2021,"Bpa.Fmsy2020","ssb","1",26810.1028162564
2022,"Bpa.Fmsy2020","ssb","1",24465.6994314779
2023,"Bpa.Fmsy2020","ssb","1",35474.4924792794
2024,"Bpa.Fmsy2020","ssb","1",49093.5734952445
2025,"Bpa.Fmsy2020","ssb","1",66776.1931080919
2026,"Bpa.Fmsy2020","ssb","1",86496.0844070689
2027,"Bpa.Fmsy2020","ssb","1",108738.663842554
1975,"Bpa.Fmsy2020","ssb","2",551692.255006571
1976,"Bpa.Fmsy2020","ssb","2",594526.775309433
1977,"Bpa.Fmsy2020","ssb","2",615388.633969794
1978,"Bpa.Fmsy2020","ssb","2",568089.602360176
1979,"Bpa.Fmsy2020","ssb","2",577080.831237266
1980,"Bpa.Fmsy2020","ssb","2",614190.67160094
1981,"Bpa.Fmsy2020","ssb","2",722239.8308459
1982,"Bpa.Fmsy2020","ssb","2",710410.71931578
1983,"Bpa.Fmsy2020","ssb","2",697904.839471375
1984,"Bpa.Fmsy2020","ssb","2",684026.29034504
1985,"Bpa.Fmsy2020","ssb","2",577676.604519806
1986,"Bpa.Fmsy2020","ssb","2",517379.642922852
1987,"Bpa.Fmsy2020","ssb","2",465291.279310765
1988,"Bpa.Fmsy2020","ssb","2",468733.891781683
1989,"Bpa.Fmsy2020","ssb","2",479917.656331118
1990,"Bpa.Fmsy2020","ssb","2",463722.353455454
1991,"Bpa.Fmsy2020","ssb","2",433041.017010117
1992,"Bpa.Fmsy2020","ssb","2",400228.196560331
1993,"Bpa.Fmsy2020","ssb","2",405689.107627243
1994,"Bpa.Fmsy2020","ssb","2",364061.299453535
1995,"Bpa.Fmsy2020","ssb","2",313232.877565385
1996,"Bpa.Fmsy2020","ssb","2",276703.517441958
1997,"Bpa.Fmsy2020","ssb","2",244587.213136585
1998,"Bpa.Fmsy2020","ssb","2",189858.402005901
1999,"Bpa.Fmsy2020","ssb","2",169689.077566505
2000,"Bpa.Fmsy2020","ssb","2",133239.400058225
2001,"Bpa.Fmsy2020","ssb","2",125150.430841708
2002,"Bpa.Fmsy2020","ssb","2",133511.772752099
2003,"Bpa.Fmsy2020","ssb","2",138426.139146523
2004,"Bpa.Fmsy2020","ssb","2",144452.035219813
2005,"Bpa.Fmsy2020","ssb","2",129714.799883032
2006,"Bpa.Fmsy2020","ssb","2",139446.577047338
2007,"Bpa.Fmsy2020","ssb","2",139515.63490688
2008,"Bpa.Fmsy2020","ssb","2",152734.222552572
2009,"Bpa.Fmsy2020","ssb","2",149751.231394818
2010,"Bpa.Fmsy2020","ssb","2",149260.679044918
2011,"Bpa.Fmsy2020","ssb","2",157932.728299743
2012,"Bpa.Fmsy2020","ssb","2",161679.663947935
2013,"Bpa.Fmsy2020","ssb","2",179862.119752939
2014,"Bpa.Fmsy2020","ssb","2",200339.514634529
2015,"Bpa.Fmsy2020","ssb","2",164306.179017537
2016,"Bpa.Fmsy2020","ssb","2",165433.003638073
2017,"Bpa.Fmsy2020","ssb","2",182605.309237307
2018,"Bpa.Fmsy2020","ssb","2",198202.769002091
2019,"Bpa.Fmsy2020","ssb","2",152911.083683497
2020,"Bpa.Fmsy2020","ssb","2",141649.643501691
2021,"Bpa.Fmsy2020","ssb","2",131997.558475894
2022,"Bpa.Fmsy2020","ssb","2",125685.156445297
2023,"Bpa.Fmsy2020","ssb","2",145480.790380593
2024,"Bpa.Fmsy2020","ssb","2",164421.66789454
2025,"Bpa.Fmsy2020","ssb","2",197419.423882546
2026,"Bpa.Fmsy2020","ssb","2",229432.206520161
2027,"Bpa.Fmsy2020","ssb","2",234568.026571825
1975,"Bpa.Fmsy2020","catch","1",33887.17076
1976,"Bpa.Fmsy2020","catch","1",46985.34951
1977,"Bpa.Fmsy2020","catch","1",54576.48329
1978,"Bpa.Fmsy2020","catch","1",44820.34257
1979,"Bpa.Fmsy2020","catch","1",41362.20957
1980,"Bpa.Fmsy2020","catch","1",48593.03983
1981,"Bpa.Fmsy2020","catch","1",93559.14384
1982,"Bpa.Fmsy2020","catch","1",84687.75543
1983,"Bpa.Fmsy2020","catch","1",83926.9287
1984,"Bpa.Fmsy2020","catch","1",92723.70925
1985,"Bpa.Fmsy2020","catch","1",75520.79521
1986,"Bpa.Fmsy2020","catch","1",79547.10662
1987,"Bpa.Fmsy2020","catch","1",73428.22243
1988,"Bpa.Fmsy2020","catch","1",68191.01985
1989,"Bpa.Fmsy2020","catch","1",71097.69552
1990,"Bpa.Fmsy2020","catch","1",61881.51723
1991,"Bpa.Fmsy2020","catch","1",54138.19362
1992,"Bpa.Fmsy2020","catch","1",40049.74245
1993,"Bpa.Fmsy2020","catch","1",45885.19472
1994,"Bpa.Fmsy2020","catch","1",39142.88424
1995,"Bpa.Fmsy2020","catch","1",41128.88723
1996,"Bpa.Fmsy2020","catch","1",44309.77398
1997,"Bpa.Fmsy2020","catch","1",38522.33936
1998,"Bpa.Fmsy2020","catch","1",36138.84419
1999,"Bpa.Fmsy2020","catch","1",27949.14912
2000,"Bpa.Fmsy2020","catch","1",26107.09943
2001,"Bpa.Fmsy2020","catch","1",24138.39253
2002,"Bpa.Fmsy2020","catch","1",24100.78598
2003,"Bpa.Fmsy2020","catch","1",21620.4976
2004,"Bpa.Fmsy2020","catch","1",26929.89563
2005,"Bpa.Fmsy2020","catch","1",20906.72463
2006,"Bpa.Fmsy2020","catch","1",20475.45238
2007,"Bpa.Fmsy2020","catch","1",21984.36186
2008,"Bpa.Fmsy2020","catch","1",27583.67457
2009,"Bpa.Fmsy2020","catch","1",34163.69678
2010,"Bpa.Fmsy2020","catch","1",34213.8274
2011,"Bpa.Fmsy2020","catch","1",54816.06731
2012,"Bpa.Fmsy2020","catch","1",58732.69835
2013,"Bpa.Fmsy2020","catch","1",71643.24716
2014,"Bpa.Fmsy2020","catch","1",82538.66228
2015,"Bpa.Fmsy2020","catch","1",78012.42535
2016,"Bpa.Fmsy2020","catch","1",79405.17798
2017,"Bpa.Fmsy2020","catch","1",82538.66228
2018,"Bpa.Fmsy2020","catch","1",141244.312414344
2019,"Bpa.Fmsy2020","catch","1",46104.8445274746
2020,"Bpa.Fmsy2020","catch","1",11067.7781162939
2021,"Bpa.Fmsy2020","catch","1",16061.5660713448
2022,"Bpa.Fmsy2020","catch","1",0
2023,"Bpa.Fmsy2020","catch","1",0
2024,"Bpa.Fmsy2020","catch","1",0
2025,"Bpa.Fmsy2020","catch","1",1.55178627410776e-29
2026,"Bpa.Fmsy2020","catch","1",0
2027,"Bpa.Fmsy2020","catch","1",723.542373907394
1975,"Bpa.Fmsy2020","catch","2",33887.17076
1976,"Bpa.Fmsy2020","catch","2",46985.34951
1977,"Bpa.Fmsy2020","catch","2",54576.48329
1978,"Bpa.Fmsy2020","catch","2",44820.34257
1979,"Bpa.Fmsy2020","catch","2",41362.20957
1980,"Bpa.Fmsy2020","catch","2",48593.03983
1981,"Bpa.Fmsy2020","catch","2",93559.14384
1982,"Bpa.Fmsy2020","catch","2",84687.75543
1983,"Bpa.Fmsy2020","catch","2",83926.9287
1984,"Bpa.Fmsy2020","catch","2",92723.70925
1985,"Bpa.Fmsy2020","catch","2",75520.79521
1986,"Bpa.Fmsy2020","catch","2",79547.10662
1987,"Bpa.Fmsy2020","catch","2",73428.22243
1988,"Bpa.Fmsy2020","catch","2",68191.01985
1989,"Bpa.Fmsy2020","catch","2",71097.69552
1990,"Bpa.Fmsy2020","catch","2",61881.51723
1991,"Bpa.Fmsy2020","catch","2",54138.19362
1992,"Bpa.Fmsy2020","catch","2",40049.74245
1993,"Bpa.Fmsy2020","catch","2",45885.19472
1994,"Bpa.Fmsy2020","catch","2",39142.88424
1995,"Bpa.Fmsy2020","catch","2",41128.88723
1996,"Bpa.Fmsy2020","catch","2",44309.77398
1997,"Bpa.Fmsy2020","catch","2",38522.33936
1998,"Bpa.Fmsy2020","catch","2",36138.84419
1999,"Bpa.Fmsy2020","catch","2",27949.14912
2000,"Bpa.Fmsy2020","catch","2",26107.09943
2001,"Bpa.Fmsy2020","catch","2",24138.39253
2002,"Bpa.Fmsy2020","catch","2",24100.78598
2003,"Bpa.Fmsy2020","catch","2",21620.4976
2004,"Bpa.Fmsy2020","catch","2",26929.89563
2005,"Bpa.Fmsy2020","catch","2",20906.72463
2006,"Bpa.Fmsy2020","catch","2",20475.45238
2007,"Bpa.Fmsy2020","catch","2",21984.36186
2008,"Bpa.Fmsy2020","catch","2",27583.67457
2009,"Bpa.Fmsy2020","catch","2",34163.69678
2010,"Bpa.Fmsy2020","catch","2",34213.8274
2011,"Bpa.Fmsy2020","catch","2",54816.06731
2012,"Bpa.Fmsy2020","catch","2",58732.69835
2013,"Bpa.Fmsy2020","catch","2",71643.24716
2014,"Bpa.Fmsy2020","catch","2",82538.66228
2015,"Bpa.Fmsy2020","catch","2",78012.42535
2016,"Bpa.Fmsy2020","catch","2",79405.17798
2017,"Bpa.Fmsy2020","catch","2",82538.66228
2018,"Bpa.Fmsy2020","catch","2",141977.006575397
2019,"Bpa.Fmsy2020","catch","2",50084.2651311873
2020,"Bpa.Fmsy2020","catch","2",36805.3733600841
2021,"Bpa.Fmsy2020","catch","2",38966.2199255384
2022,"Bpa.Fmsy2020","catch","2",7975.38391440902
2023,"Bpa.Fmsy2020","catch","2",11769.6067930417
2024,"Bpa.Fmsy2020","catch","2",8788.42767101133
2025,"Bpa.Fmsy2020","catch","2",23329.4027934139
2026,"Bpa.Fmsy2020","catch","2",38026.371504847
2027,"Bpa.Fmsy2020","catch","2",69715.968246166
1975,"Bpa.Fmsy2020","fbar","1",0.0887792801142769
1976,"Bpa.Fmsy2020","fbar","1",0.112259617882781
1977,"Bpa.Fmsy2020","fbar","1",0.125898869245961
1978,"Bpa.Fmsy2020","fbar","1",0.110091242396679
1979,"Bpa.Fmsy2020","fbar","1",0.0989129446186778
1980,"Bpa.Fmsy2020","fbar","1",0.115769962730955
1981,"Bpa.Fmsy2020","fbar","1",0.219285178436158
1982,"Bpa.Fmsy2020","fbar","1",0.2025015870981
1983,"Bpa.Fmsy2020","fbar","1",0.194917034903945
1984,"Bpa.Fmsy2020","fbar","1",0.205399842389221
1985,"Bpa.Fmsy2020","fbar","1",0.178609547814631
1986,"Bpa.Fmsy2020","fbar","1",0.211200938086808
1987,"Bpa.Fmsy2020","fbar","1",0.248849324230207
1988,"Bpa.Fmsy2020","fbar","1",0.269782890181719
1989,"Bpa.Fmsy2020","fbar","1",0.297238156152903
1990,"Bpa.Fmsy2020","fbar","1",0.246445509734722
1991,"Bpa.Fmsy2020","fbar","1",0.21103102156918
1992,"Bpa.Fmsy2020","fbar","1",0.149876455824821
1993,"Bpa.Fmsy2020","fbar","1",0.168930081883429
1994,"Bpa.Fmsy2020","fbar","1",0.148188859396745
1995,"Bpa.Fmsy2020","fbar","1",0.167202665939654
1996,"Bpa.Fmsy2020","fbar","1",0.229361109736889
1997,"Bpa.Fmsy2020","fbar","1",0.240129416399604
1998,"Bpa.Fmsy2020","fbar","1",0.288590694061344
1999,"Bpa.Fmsy2020","fbar","1",0.308739174852886
2000,"Bpa.Fmsy2020","fbar","1",0.408623621929108
2001,"Bpa.Fmsy2020","fbar","1",0.441595094000612
2002,"Bpa.Fmsy2020","fbar","1",0.446819497858598
2003,"Bpa.Fmsy2020","fbar","1",0.391280586684764
2004,"Bpa.Fmsy2020","fbar","1",0.411014815096156
2005,"Bpa.Fmsy2020","fbar","1",0.352365686907855
2006,"Bpa.Fmsy2020","fbar","1",0.336659449575112
2007,"Bpa.Fmsy2020","fbar","1",0.329448682147408
2008,"Bpa.Fmsy2020","fbar","1",0.359953083332975
2009,"Bpa.Fmsy2020","fbar","1",0.567037983325845
2010,"Bpa.Fmsy2020","fbar","1",0.496540455025224
2011,"Bpa.Fmsy2020","fbar","1",0.901440036929555
2012,"Bpa.Fmsy2020","fbar","1",1.01524333772645
2013,"Bpa.Fmsy2020","fbar","1",1.17297878514348
2014,"Bpa.Fmsy2020","fbar","1",1.70952075887791
2015,"Bpa.Fmsy2020","fbar","1",1.47685578770545
2016,"Bpa.Fmsy2020","fbar","1",1.57400465522185
2017,"Bpa.Fmsy2020","fbar","1",2.13946150825583
2018,"Bpa.Fmsy2020","fbar","1",9.40314389989485
2019,"Bpa.Fmsy2020","fbar","1",5.83832215540136
2020,"Bpa.Fmsy2020","fbar","1",1.45316978501503
2021,"Bpa.Fmsy2020","fbar","1",2.20790497913629
2022,"Bpa.Fmsy2020","fbar","1",0
2023,"Bpa.Fmsy2020","fbar","1",0
2024,"Bpa.Fmsy2020","fbar","1",0
2025,"Bpa.Fmsy2020","fbar","1",3.82006695968948e-34
2026,"Bpa.Fmsy2020","fbar","1",0
2027,"Bpa.Fmsy2020","fbar","1",0.0104922849216289
1975,"Bpa.Fmsy2020","fbar","2",0.0891184902538819
1976,"Bpa.Fmsy2020","fbar","2",0.112505169466411
1977,"Bpa.Fmsy2020","fbar","2",0.126009553144764
1978,"Bpa.Fmsy2020","fbar","2",0.110270169902892
1979,"Bpa.Fmsy2020","fbar","2",0.0991734421331482
1980,"Bpa.Fmsy2020","fbar","2",0.116060195659998
1981,"Bpa.Fmsy2020","fbar","2",0.21903229893733
1982,"Bpa.Fmsy2020","fbar","2",0.20237417419749
1983,"Bpa.Fmsy2020","fbar","2",0.194926330680231
1984,"Bpa.Fmsy2020","fbar","2",0.205322996176929
1985,"Bpa.Fmsy2020","fbar","2",0.178700082051321
1986,"Bpa.Fmsy2020","fbar","2",0.211157173831569
1987,"Bpa.Fmsy2020","fbar","2",0.248494222495715
1988,"Bpa.Fmsy2020","fbar","2",0.269181736908353
1989,"Bpa.Fmsy2020","fbar","2",0.296415509437487
1990,"Bpa.Fmsy2020","fbar","2",0.246025326123462
1991,"Bpa.Fmsy2020","fbar","2",0.21092276140722
1992,"Bpa.Fmsy2020","fbar","2",0.150260142889548
1993,"Bpa.Fmsy2020","fbar","2",0.169257151004085
1994,"Bpa.Fmsy2020","fbar","2",0.148595480418895
1995,"Bpa.Fmsy2020","fbar","2",0.167645363860284
1996,"Bpa.Fmsy2020","fbar","2",0.229721757702639
1997,"Bpa.Fmsy2020","fbar","2",0.240373491263622
1998,"Bpa.Fmsy2020","fbar","2",0.288295567353531
1999,"Bpa.Fmsy2020","fbar","2",0.308264506326192
2000,"Bpa.Fmsy2020","fbar","2",0.407272282395346
2001,"Bpa.Fmsy2020","fbar","2",0.439060033458887
2002,"Bpa.Fmsy2020","fbar","2",0.442166815188869
2003,"Bpa.Fmsy2020","fbar","2",0.384366503501796
2004,"Bpa.Fmsy2020","fbar","2",0.402312247641181
2005,"Bpa.Fmsy2020","fbar","2",0.354186981674014
2006,"Bpa.Fmsy2020","fbar","2",0.345096287485584
2007,"Bpa.Fmsy2020","fbar","2",0.338196568951453
2008,"Bpa.Fmsy2020","fbar","2",0.366429567349902
2009,"Bpa.Fmsy2020","fbar","2",0.576690004233385
2010,"Bpa.Fmsy2020","fbar","2",0.504169206542376
2011,"Bpa.Fmsy2020","fbar","2",0.903564653352547
2012,"Bpa.Fmsy2020","fbar","2",1.00833127600388
2013,"Bpa.Fmsy2020","fbar","2",1.17856808815664
2014,"Bpa.Fmsy2020","fbar","2",1.69427955280132
2015,"Bpa.Fmsy2020","fbar","2",1.45302622960645
2016,"Bpa.Fmsy2020","fbar","2",1.56981863036812
2017,"Bpa.Fmsy2020","fbar","2",1.57063960567781
2018,"Bpa.Fmsy2020","fbar","2",3.56936678737391
2019,"Bpa.Fmsy2020","fbar","2",1.20963912518808
2020,"Bpa.Fmsy2020","fbar","2",0.682267890055523
2021,"Bpa.Fmsy2020","fbar","2",0.718473660835579
2022,"Bpa.Fmsy2020","fbar","2",0.126573824884314
2023,"Bpa.Fmsy2020","fbar","2",0.143739961381378
2024,"Bpa.Fmsy2020","fbar","2",0.0895780080980577
2025,"Bpa.Fmsy2020","fbar","2",0.209872694710416
2026,"Bpa.Fmsy2020","fbar","2",0.327010141396693
2027,"Bpa.Fmsy2020","fbar","2",0.672915728599494
1975,"C5red","ssb","1",553687.901324606
1976,"C5red","ssb","1",595252.749632099
1977,"C5red","ssb","1",615799.085658426
1978,"C5red","ssb","1",568760.375917152
1979,"C5red","ssb","1",578527.582969652
1980,"C5red","ssb","1",615559.041957258
1981,"C5red","ssb","1",721392.766786412
1982,"C5red","ssb","1",710477.642903627
1983,"C5red","ssb","1",697897.34567718
1984,"C5red","ssb","1",683567.966760764
1985,"C5red","ssb","1",577895.879023184
1986,"C5red","ssb","1",517088.438043707
1987,"C5red","ssb","1",464285.698607911
1988,"C5red","ssb","1",467986.977148513
1989,"C5red","ssb","1",479113.472733382
1990,"C5red","ssb","1",463272.423860786
1991,"C5red","ssb","1",433629.774389273
1992,"C5red","ssb","1",401249.861141677
1993,"C5red","ssb","1",406264.759915454
1994,"C5red","ssb","1",364955.907083311
1995,"C5red","ssb","1",314294.418206309
1996,"C5red","ssb","1",277006.388689437
1997,"C5red","ssb","1",244460.186221508
1998,"C5red","ssb","1",189428.113041493
1999,"C5red","ssb","1",169428.788711698
2000,"C5red","ssb","1",132718.703145253
2001,"C5red","ssb","1",124340.628734586
2002,"C5red","ssb","1",131993.276298936
2003,"C5red","ssb","1",136316.603616205
2004,"C5red","ssb","1",143604.118826699
2005,"C5red","ssb","1",130039.500105922
2006,"C5red","ssb","1",140873.824435155
2007,"C5red","ssb","1",141976.733833611
2008,"C5red","ssb","1",154671.761922566
2009,"C5red","ssb","1",151643.973113862
2010,"C5red","ssb","1",151142.635191859
2011,"C5red","ssb","1",159812.013845189
2012,"C5red","ssb","1",160682.989524527
2013,"C5red","ssb","1",183115.108100867
2014,"C5red","ssb","1",197031.666687261
2015,"C5red","ssb","1",169508.015763758
2016,"C5red","ssb","1",151123.750142573
2017,"C5red","ssb","1",148326.909578043
2018,"C5red","ssb","1",132061.173111795
2019,"C5red","ssb","1",94253.6450326976
2020,"C5red","ssb","1",59969.3752763392
2021,"C5red","ssb","1",25723.3538224625
2022,"C5red","ssb","1",14037.6439885606
2023,"C5red","ssb","1",8411.60131612471
2024,"C5red","ssb","1",4562.70572292316
2025,"C5red","ssb","1",2376.80260761383
2026,"C5red","ssb","1",1138.73175915168
2027,"C5red","ssb","1",515.343933421828
1975,"C5red","ssb","2",551692.255006571
1976,"C5red","ssb","2",594526.775309433
1977,"C5red","ssb","2",615388.633969794
1978,"C5red","ssb","2",568089.602360176
1979,"C5red","ssb","2",577080.831237266
1980,"C5red","ssb","2",614190.67160094
1981,"C5red","ssb","2",722239.8308459
1982,"C5red","ssb","2",710410.71931578
1983,"C5red","ssb","2",697904.839471375
1984,"C5red","ssb","2",684026.29034504
1985,"C5red","ssb","2",577676.604519806
1986,"C5red","ssb","2",517379.642922852
1987,"C5red","ssb","2",465291.279310765
1988,"C5red","ssb","2",468733.891781683
1989,"C5red","ssb","2",479917.656331118
1990,"C5red","ssb","2",463722.353455454
1991,"C5red","ssb","2",433041.017010117
1992,"C5red","ssb","2",400228.196560331
1993,"C5red","ssb","2",405689.107627243
1994,"C5red","ssb","2",364061.299453535
1995,"C5red","ssb","2",313232.877565385
1996,"C5red","ssb","2",276703.517441958
1997,"C5red","ssb","2",244587.213136585
1998,"C5red","ssb","2",189858.402005901
1999,"C5red","ssb","2",169689.077566505
2000,"C5red","ssb","2",133239.400058225
2001,"C5red","ssb","2",125150.430841708
2002,"C5red","ssb","2",133511.772752099
2003,"C5red","ssb","2",138426.139146523
2004,"C5red","ssb","2",144452.035219813
2005,"C5red","ssb","2",129714.799883032
2006,"C5red","ssb","2",139446.577047338
2007,"C5red","ssb","2",139515.63490688
2008,"C5red","ssb","2",152734.222552572
2009,"C5red","ssb","2",149751.231394818
2010,"C5red","ssb","2",149260.679044918
2011,"C5red","ssb","2",157932.728299743
2012,"C5red","ssb","2",161679.663947935
2013,"C5red","ssb","2",179862.119752939
2014,"C5red","ssb","2",200339.514634529
2015,"C5red","ssb","2",164306.179017537
2016,"C5red","ssb","2",165433.003638073
2017,"C5red","ssb","2",182605.309237307
2018,"C5red","ssb","2",198202.769002091
2019,"C5red","ssb","2",200164.661450899
2020,"C5red","ssb","2",183057.613312021
2021,"C5red","ssb","2",155470.73788272
2022,"C5red","ssb","2",133584.86660002
2023,"C5red","ssb","2",112376.276198688
2024,"C5red","ssb","2",87234.0869157854
2025,"C5red","ssb","2",64696.7813049795
2026,"C5red","ssb","2",41539.5930811294
2027,"C5red","ssb","2",17034.9399985755
1975,"C5red","catch","1",33887.17076
1976,"C5red","catch","1",46985.34951
1977,"C5red","catch","1",54576.48329
1978,"C5red","catch","1",44820.34257
1979,"C5red","catch","1",41362.20957
1980,"C5red","catch","1",48593.03983
1981,"C5red","catch","1",93559.14384
1982,"C5red","catch","1",84687.75543
1983,"C5red","catch","1",83926.9287
1984,"C5red","catch","1",92723.70925
1985,"C5red","catch","1",75520.79521
1986,"C5red","catch","1",79547.10662
1987,"C5red","catch","1",73428.22243
1988,"C5red","catch","1",68191.01985
1989,"C5red","catch","1",71097.69552
1990,"C5red","catch","1",61881.51723
1991,"C5red","catch","1",54138.19362
1992,"C5red","catch","1",40049.74245
1993,"C5red","catch","1",45885.19472
1994,"C5red","catch","1",39142.88424
1995,"C5red","catch","1",41128.88723
1996,"C5red","catch","1",44309.77398
1997,"C5red","catch","1",38522.33936
1998,"C5red","catch","1",36138.84419
1999,"C5red","catch","1",27949.14912
2000,"C5red","catch","1",26107.09943
2001,"C5red","catch","1",24138.39253
2002,"C5red","catch","1",24100.78598
2003,"C5red","catch","1",21620.4976
2004,"C5red","catch","1",26929.89563
2005,"C5red","catch","1",20906.72463
2006,"C5red","catch","1",20475.45238
2007,"C5red","catch","1",21984.36186
2008,"C5red","catch","1",27583.67457
2009,"C5red","catch","1",34163.69678
2010,"C5red","catch","1",34213.8274
2011,"C5red","catch","1",54816.06731
2012,"C5red","catch","1",58732.69835
2013,"C5red","catch","1",71643.24716
2014,"C5red","catch","1",82538.66228
2015,"C5red","catch","1",78012.42535
2016,"C5red","catch","1",79405.17798
2017,"C5red","catch","1",82538.66228
2018,"C5red","catch","1",74491.1427077
2019,"C5red","catch","1",70766.585572315
2020,"C5red","catch","1",66298.0258186247
2021,"C5red","catch","1",29943.3496435445
2022,"C5red","catch","1",16844.536702134
2023,"C5red","catch","1",9766.45668037455
2024,"C5red","catch","1",5232.96619412342
2025,"C5red","catch","1",2658.93756465185
2026,"C5red","catch","1",1253.84274474926
2027,"C5red","catch","1",554.432375469966
1975,"C5red","catch","2",33887.17076
1976,"C5red","catch","2",46985.34951
1977,"C5red","catch","2",54576.48329
1978,"C5red","catch","2",44820.34257
1979,"C5red","catch","2",41362.20957
1980,"C5red","catch","2",48593.03983
1981,"C5red","catch","2",93559.14384
1982,"C5red","catch","2",84687.75543
1983,"C5red","catch","2",83926.9287
1984,"C5red","catch","2",92723.70925
1985,"C5red","catch","2",75520.79521
1986,"C5red","catch","2",79547.10662
1987,"C5red","catch","2",73428.22243
1988,"C5red","catch","2",68191.01985
1989,"C5red","catch","2",71097.69552
1990,"C5red","catch","2",61881.51723
1991,"C5red","catch","2",54138.19362
1992,"C5red","catch","2",40049.74245
1993,"C5red","catch","2",45885.19472
1994,"C5red","catch","2",39142.88424
1995,"C5red","catch","2",41128.88723
1996,"C5red","catch","2",44309.77398
1997,"C5red","catch","2",38522.33936
1998,"C5red","catch","2",36138.84419
1999,"C5red","catch","2",27949.14912
2000,"C5red","catch","2",26107.09943
2001,"C5red","catch","2",24138.39253
2002,"C5red","catch","2",24100.78598
2003,"C5red","catch","2",21620.4976
2004,"C5red","catch","2",26929.89563
2005,"C5red","catch","2",20906.72463
2006,"C5red","catch","2",20475.45238
2007,"C5red","catch","2",21984.36186
2008,"C5red","catch","2",27583.67457
2009,"C5red","catch","2",34163.69678
2010,"C5red","catch","2",34213.8274
2011,"C5red","catch","2",54816.06731
2012,"C5red","catch","2",58732.69835
2013,"C5red","catch","2",71643.24716
2014,"C5red","catch","2",82538.66228
2015,"C5red","catch","2",78012.42535
2016,"C5red","catch","2",79405.17798
2017,"C5red","catch","2",82538.66228
2018,"C5red","catch","2",74491.1427077
2019,"C5red","catch","2",70766.585572315
2020,"C5red","catch","2",67228.2562936993
2021,"C5red","catch","2",63866.8434790143
2022,"C5red","catch","2",60673.5013050636
2023,"C5red","catch","2",57639.8262398104
2024,"C5red","catch","2",54757.8349278199
2025,"C5red","catch","2",52019.9431814289
2026,"C5red","catch","2",43213.3861470812
2027,"C5red","catch","2",16958.6344671463
1975,"C5red","fbar","1",0.0887792801142769
1976,"C5red","fbar","1",0.112259617882781
1977,"C5red","fbar","1",0.125898869245961
1978,"C5red","fbar","1",0.110091242396679
1979,"C5red","fbar","1",0.0989129446186778
1980,"C5red","fbar","1",0.115769962730955
1981,"C5red","fbar","1",0.219285178436158
1982,"C5red","fbar","1",0.2025015870981
1983,"C5red","fbar","1",0.194917034903945
1984,"C5red","fbar","1",0.205399842389221
1985,"C5red","fbar","1",0.178609547814631
1986,"C5red","fbar","1",0.211200938086808
1987,"C5red","fbar","1",0.248849324230207
1988,"C5red","fbar","1",0.269782890181719
1989,"C5red","fbar","1",0.297238156152903
1990,"C5red","fbar","1",0.246445509734722
1991,"C5red","fbar","1",0.21103102156918
1992,"C5red","fbar","1",0.149876455824821
1993,"C5red","fbar","1",0.168930081883429
1994,"C5red","fbar","1",0.148188859396745
1995,"C5red","fbar","1",0.167202665939654
1996,"C5red","fbar","1",0.229361109736889
1997,"C5red","fbar","1",0.240129416399604
1998,"C5red","fbar","1",0.288590694061344
1999,"C5red","fbar","1",0.308739174852886
2000,"C5red","fbar","1",0.408623621929108
2001,"C5red","fbar","1",0.441595094000612
2002,"C5red","fbar","1",0.446819497858598
2003,"C5red","fbar","1",0.391280586684764
2004,"C5red","fbar","1",0.411014815096156
2005,"C5red","fbar","1",0.352365686907855
2006,"C5red","fbar","1",0.336659449575112
2007,"C5red","fbar","1",0.329448682147408
2008,"C5red","fbar","1",0.359953083332975
2009,"C5red","fbar","1",0.567037983325845
2010,"C5red","fbar","1",0.496540455025224
2011,"C5red","fbar","1",0.901440036929555
2012,"C5red","fbar","1",1.01524333772645
2013,"C5red","fbar","1",1.17297878514348
2014,"C5red","fbar","1",1.70952075887791
2015,"C5red","fbar","1",1.47685578770545
2016,"C5red","fbar","1",1.57400465522185
2017,"C5red","fbar","1",2.13946150825583
2018,"C5red","fbar","1",2.3995122223363
2019,"C5red","fbar","1",3.83214923599313
2020,"C5red","fbar","1",10
2021,"C5red","fbar","1",10
2022,"C5red","fbar","1",10
2023,"C5red","fbar","1",10
2024,"C5red","fbar","1",10
2025,"C5red","fbar","1",10
2026,"C5red","fbar","1",10
2027,"C5red","fbar","1",10
1975,"C5red","fbar","2",0.0891184902538819
1976,"C5red","fbar","2",0.112505169466411
1977,"C5red","fbar","2",0.126009553144764
1978,"C5red","fbar","2",0.110270169902892
1979,"C5red","fbar","2",0.0991734421331482
1980,"C5red","fbar","2",0.116060195659998
1981,"C5red","fbar","2",0.21903229893733
1982,"C5red","fbar","2",0.20237417419749
1983,"C5red","fbar","2",0.194926330680231
1984,"C5red","fbar","2",0.205322996176929
1985,"C5red","fbar","2",0.178700082051321
1986,"C5red","fbar","2",0.211157173831569
1987,"C5red","fbar","2",0.248494222495715
1988,"C5red","fbar","2",0.269181736908353
1989,"C5red","fbar","2",0.296415509437487
1990,"C5red","fbar","2",0.246025326123462
1991,"C5red","fbar","2",0.21092276140722
1992,"C5red","fbar","2",0.150260142889548
1993,"C5red","fbar","2",0.169257151004085
1994,"C5red","fbar","2",0.148595480418895
1995,"C5red","fbar","2",0.167645363860284
1996,"C5red","fbar","2",0.229721757702639
1997,"C5red","fbar","2",0.240373491263622
1998,"C5red","fbar","2",0.288295567353531
1999,"C5red","fbar","2",0.308264506326192
2000,"C5red","fbar","2",0.407272282395346
2001,"C5red","fbar","2",0.439060033458887
2002,"C5red","fbar","2",0.442166815188869
2003,"C5red","fbar","2",0.384366503501796
2004,"C5red","fbar","2",0.402312247641181
2005,"C5red","fbar","2",0.354186981674014
2006,"C5red","fbar","2",0.345096287485584
2007,"C5red","fbar","2",0.338196568951453
2008,"C5red","fbar","2",0.366429567349902
2009,"C5red","fbar","2",0.576690004233385
2010,"C5red","fbar","2",0.504169206542376
2011,"C5red","fbar","2",0.903564653352547
2012,"C5red","fbar","2",1.00833127600388
2013,"C5red","fbar","2",1.17856808815664
2014,"C5red","fbar","2",1.69427955280132
2015,"C5red","fbar","2",1.45302622960645
2016,"C5red","fbar","2",1.56981863036812
2017,"C5red","fbar","2",1.57063960567781
2018,"C5red","fbar","2",1.25924862471543
2019,"C5red","fbar","2",1.08964632055497
2020,"C5red","fbar","2",1.08551903195748
2021,"C5red","fbar","2",1.23664942881307
2022,"C5red","fbar","2",1.51180480391888
2023,"C5red","fbar","2",1.92520264857029
2024,"C5red","fbar","2",2.78218977953892
2025,"C5red","fbar","2",4.77699012064849
2026,"C5red","fbar","2",10
2027,"C5red","fbar","2",10
1975,"C2014","ssb","1",553687.901324606
1976,"C2014","ssb","1",595252.749632099
1977,"C2014","ssb","1",615799.085658426
1978,"C2014","ssb","1",568760.375917152
1979,"C2014","ssb","1",578527.582969652
1980,"C2014","ssb","1",615559.041957258
1981,"C2014","ssb","1",721392.766786412
1982,"C2014","ssb","1",710477.642903627
1983,"C2014","ssb","1",697897.34567718
1984,"C2014","ssb","1",683567.966760764
1985,"C2014","ssb","1",577895.879023184
1986,"C2014","ssb","1",517088.438043707
1987,"C2014","ssb","1",464285.698607911
1988,"C2014","ssb","1",467986.977148513
1989,"C2014","ssb","1",479113.472733382
1990,"C2014","ssb","1",463272.423860786
1991,"C2014","ssb","1",433629.774389273
1992,"C2014","ssb","1",401249.861141677
1993,"C2014","ssb","1",406264.759915454
1994,"C2014","ssb","1",364955.907083311
1995,"C2014","ssb","1",314294.418206309
1996,"C2014","ssb","1",277006.388689437
1997,"C2014","ssb","1",244460.186221508
1998,"C2014","ssb","1",189428.113041493
1999,"C2014","ssb","1",169428.788711698
2000,"C2014","ssb","1",132718.703145253
2001,"C2014","ssb","1",124340.628734586
2002,"C2014","ssb","1",131993.276298936
2003,"C2014","ssb","1",136316.603616205
2004,"C2014","ssb","1",143604.118826699
2005,"C2014","ssb","1",130039.500105922
2006,"C2014","ssb","1",140873.824435155
2007,"C2014","ssb","1",141976.733833611
2008,"C2014","ssb","1",154671.761922566
2009,"C2014","ssb","1",151643.973113862
2010,"C2014","ssb","1",151142.635191859
2011,"C2014","ssb","1",159812.013845189
2012,"C2014","ssb","1",160682.989524527
2013,"C2014","ssb","1",183115.108100867
2014,"C2014","ssb","1",197031.666687261
2015,"C2014","ssb","1",169508.015763758
2016,"C2014","ssb","1",151123.750142573
2017,"C2014","ssb","1",148326.909578043
2018,"C2014","ssb","1",132061.173111795
2019,"C2014","ssb","1",88754.8463044494
2020,"C2014","ssb","1",46706.7294251801
2021,"C2014","ssb","1",20096.1584507543
2022,"C2014","ssb","1",10965.8242911868
2023,"C2014","ssb","1",6570.92860725464
2024,"C2014","ssb","1",3564.26920451836
2025,"C2014","ssb","1",1856.69751049547
2026,"C2014","ssb","1",889.548175108905
2027,"C2014","ssb","1",402.573522557597
1975,"C2014","ssb","2",551692.255006571
1976,"C2014","ssb","2",594526.775309433
1977,"C2014","ssb","2",615388.633969794
1978,"C2014","ssb","2",568089.602360176
1979,"C2014","ssb","2",577080.831237266
1980,"C2014","ssb","2",614190.67160094
1981,"C2014","ssb","2",722239.8308459
1982,"C2014","ssb","2",710410.71931578
1983,"C2014","ssb","2",697904.839471375
1984,"C2014","ssb","2",684026.29034504
1985,"C2014","ssb","2",577676.604519806
1986,"C2014","ssb","2",517379.642922852
1987,"C2014","ssb","2",465291.279310765
1988,"C2014","ssb","2",468733.891781683
1989,"C2014","ssb","2",479917.656331118
1990,"C2014","ssb","2",463722.353455454
1991,"C2014","ssb","2",433041.017010117
1992,"C2014","ssb","2",400228.196560331
1993,"C2014","ssb","2",405689.107627243
1994,"C2014","ssb","2",364061.299453535
1995,"C2014","ssb","2",313232.877565385
1996,"C2014","ssb","2",276703.517441958
1997,"C2014","ssb","2",244587.213136585
1998,"C2014","ssb","2",189858.402005901
1999,"C2014","ssb","2",169689.077566505
2000,"C2014","ssb","2",133239.400058225
2001,"C2014","ssb","2",125150.430841708
2002,"C2014","ssb","2",133511.772752099
2003,"C2014","ssb","2",138426.139146523
2004,"C2014","ssb","2",144452.035219813
2005,"C2014","ssb","2",129714.799883032
2006,"C2014","ssb","2",139446.577047338
2007,"C2014","ssb","2",139515.63490688
2008,"C2014","ssb","2",152734.222552572
2009,"C2014","ssb","2",149751.231394818
2010,"C2014","ssb","2",149260.679044918
2011,"C2014","ssb","2",157932.728299743
2012,"C2014","ssb","2",161679.663947935
2013,"C2014","ssb","2",179862.119752939
2014,"C2014","ssb","2",200339.514634529
2015,"C2014","ssb","2",164306.179017537
2016,"C2014","ssb","2",165433.003638073
2017,"C2014","ssb","2",182605.309237307
2018,"C2014","ssb","2",198202.769002091
2019,"C2014","ssb","2",194167.163590462
2020,"C2014","ssb","2",167005.536192641
2021,"C2014","ssb","2",125936.100073083
2022,"C2014","ssb","2",86222.4268665251
2023,"C2014","ssb","2",43983.080944765
2024,"C2014","ssb","2",19099.4024194008
2025,"C2014","ssb","2",8920.86469254045
2026,"C2014","ssb","2",4282.47485902879
2027,"C2014","ssb","2",1764.1822560653
1975,"C2014","catch","1",33887.17076
1976,"C2014","catch","1",46985.34951
1977,"C2014","catch","1",54576.48329
1978,"C2014","catch","1",44820.34257
1979,"C2014","catch","1",41362.20957
1980,"C2014","catch","1",48593.03983
1981,"C2014","catch","1",93559.14384
1982,"C2014","catch","1",84687.75543
1983,"C2014","catch","1",83926.9287
1984,"C2014","catch","1",92723.70925
1985,"C2014","catch","1",75520.79521
1986,"C2014","catch","1",79547.10662
1987,"C2014","catch","1",73428.22243
1988,"C2014","catch","1",68191.01985
1989,"C2014","catch","1",71097.69552
1990,"C2014","catch","1",61881.51723
1991,"C2014","catch","1",54138.19362
1992,"C2014","catch","1",40049.74245
1993,"C2014","catch","1",45885.19472
1994,"C2014","catch","1",39142.88424
1995,"C2014","catch","1",41128.88723
1996,"C2014","catch","1",44309.77398
1997,"C2014","catch","1",38522.33936
1998,"C2014","catch","1",36138.84419
1999,"C2014","catch","1",27949.14912
2000,"C2014","catch","1",26107.09943
2001,"C2014","catch","1",24138.39253
2002,"C2014","catch","1",24100.78598
2003,"C2014","catch","1",21620.4976
2004,"C2014","catch","1",26929.89563
2005,"C2014","catch","1",20906.72463
2006,"C2014","catch","1",20475.45238
2007,"C2014","catch","1",21984.36186
2008,"C2014","catch","1",27583.67457
2009,"C2014","catch","1",34163.69678
2010,"C2014","catch","1",34213.8274
2011,"C2014","catch","1",54816.06731
2012,"C2014","catch","1",58732.69835
2013,"C2014","catch","1",71643.24716
2014,"C2014","catch","1",82538.66228
2015,"C2014","catch","1",78012.42535
2016,"C2014","catch","1",79405.17798
2017,"C2014","catch","1",82538.66228
2018,"C2014","catch","1",82538.66228
2019,"C2014","catch","1",82538.66228
2020,"C2014","catch","1",51109.3659933044
2021,"C2014","catch","1",23401.1775706075
2022,"C2014","catch","1",13158.3633516438
2023,"C2014","catch","1",7629.30913008164
2024,"C2014","catch","1",4087.85953781239
2025,"C2014","catch","1",2077.09413572519
2026,"C2014","catch","1",979.469937930892
2027,"C2014","catch","1",433.108415443957
1975,"C2014","catch","2",33887.17076
1976,"C2014","catch","2",46985.34951
1977,"C2014","catch","2",54576.48329
1978,"C2014","catch","2",44820.34257
1979,"C2014","catch","2",41362.20957
1980,"C2014","catch","2",48593.03983
1981,"C2014","catch","2",93559.14384
1982,"C2014","catch","2",84687.75543
1983,"C2014","catch","2",83926.9287
1984,"C2014","catch","2",92723.70925
1985,"C2014","catch","2",75520.79521
1986,"C2014","catch","2",79547.10662
1987,"C2014","catch","2",73428.22243
1988,"C2014","catch","2",68191.01985
1989,"C2014","catch","2",71097.69552
1990,"C2014","catch","2",61881.51723
1991,"C2014","catch","2",54138.19362
1992,"C2014","catch","2",40049.74245
1993,"C2014","catch","2",45885.19472
1994,"C2014","catch","2",39142.88424
1995,"C2014","catch","2",41128.88723
1996,"C2014","catch","2",44309.77398
1997,"C2014","catch","2",38522.33936
1998,"C2014","catch","2",36138.84419
1999,"C2014","catch","2",27949.14912
2000,"C2014","catch","2",26107.09943
2001,"C2014","catch","2",24138.39253
2002,"C2014","catch","2",24100.78598
2003,"C2014","catch","2",21620.4976
2004,"C2014","catch","2",26929.89563
2005,"C2014","catch","2",20906.72463
2006,"C2014","catch","2",20475.45238
2007,"C2014","catch","2",21984.36186
2008,"C2014","catch","2",27583.67457
2009,"C2014","catch","2",34163.69678
2010,"C2014","catch","2",34213.8274
2011,"C2014","catch","2",54816.06731
2012,"C2014","catch","2",58732.69835
2013,"C2014","catch","2",71643.24716
2014,"C2014","catch","2",82538.66228
2015,"C2014","catch","2",78012.42535
2016,"C2014","catch","2",79405.17798
2017,"C2014","catch","2",82538.66228
2018,"C2014","catch","2",82538.66228
2019,"C2014","catch","2",82538.66228
2020,"C2014","catch","2",82538.66228
2021,"C2014","catch","2",82538.66228
2022,"C2014","catch","2",82538.66228
2023,"C2014","catch","2",45908.6984277625
2024,"C2014","catch","2",20202.1668452238
2025,"C2014","catch","2",9500.65136498061
2026,"C2014","catch","2",4391.32089725138
2027,"C2014","catch","2",1757.4371431904
1975,"C2014","fbar","1",0.0887792801142769
1976,"C2014","fbar","1",0.112259617882781
1977,"C2014","fbar","1",0.125898869245961
1978,"C2014","fbar","1",0.110091242396679
1979,"C2014","fbar","1",0.0989129446186778
1980,"C2014","fbar","1",0.115769962730955
1981,"C2014","fbar","1",0.219285178436158
1982,"C2014","fbar","1",0.2025015870981
1983,"C2014","fbar","1",0.194917034903945
1984,"C2014","fbar","1",0.205399842389221
1985,"C2014","fbar","1",0.178609547814631
1986,"C2014","fbar","1",0.211200938086808
1987,"C2014","fbar","1",0.248849324230207
1988,"C2014","fbar","1",0.269782890181719
1989,"C2014","fbar","1",0.297238156152903
1990,"C2014","fbar","1",0.246445509734722
1991,"C2014","fbar","1",0.21103102156918
1992,"C2014","fbar","1",0.149876455824821
1993,"C2014","fbar","1",0.168930081883429
1994,"C2014","fbar","1",0.148188859396745
1995,"C2014","fbar","1",0.167202665939654
1996,"C2014","fbar","1",0.229361109736889
1997,"C2014","fbar","1",0.240129416399604
1998,"C2014","fbar","1",0.288590694061344
1999,"C2014","fbar","1",0.308739174852886
2000,"C2014","fbar","1",0.408623621929108
2001,"C2014","fbar","1",0.441595094000612
2002,"C2014","fbar","1",0.446819497858598
2003,"C2014","fbar","1",0.391280586684764
2004,"C2014","fbar","1",0.411014815096156
2005,"C2014","fbar","1",0.352365686907855
2006,"C2014","fbar","1",0.336659449575112
2007,"C2014","fbar","1",0.329448682147408
2008,"C2014","fbar","1",0.359953083332975
2009,"C2014","fbar","1",0.567037983325845
2010,"C2014","fbar","1",0.496540455025224
2011,"C2014","fbar","1",0.901440036929555
2012,"C2014","fbar","1",1.01524333772645
2013,"C2014","fbar","1",1.17297878514348
2014,"C2014","fbar","1",1.70952075887791
2015,"C2014","fbar","1",1.47685578770545
2016,"C2014","fbar","1",1.57400465522185
2017,"C2014","fbar","1",2.13946150825583
2018,"C2014","fbar","1",2.85949954664453
2019,"C2014","fbar","1",6.2480621942235
2020,"C2014","fbar","1",10
2021,"C2014","fbar","1",10
2022,"C2014","fbar","1",10
2023,"C2014","fbar","1",10
2024,"C2014","fbar","1",10
2025,"C2014","fbar","1",10
2026,"C2014","fbar","1",10
2027,"C2014","fbar","1",10
1975,"C2014","fbar","2",0.0891184902538819
1976,"C2014","fbar","2",0.112505169466411
1977,"C2014","fbar","2",0.126009553144764
1978,"C2014","fbar","2",0.110270169902892
1979,"C2014","fbar","2",0.0991734421331482
1980,"C2014","fbar","2",0.116060195659998
1981,"C2014","fbar","2",0.21903229893733
1982,"C2014","fbar","2",0.20237417419749
1983,"C2014","fbar","2",0.194926330680231
1984,"C2014","fbar","2",0.205322996176929
1985,"C2014","fbar","2",0.178700082051321
1986,"C2014","fbar","2",0.211157173831569
1987,"C2014","fbar","2",0.248494222495715
1988,"C2014","fbar","2",0.269181736908353
1989,"C2014","fbar","2",0.296415509437487
1990,"C2014","fbar","2",0.246025326123462
1991,"C2014","fbar","2",0.21092276140722
1992,"C2014","fbar","2",0.150260142889548
1993,"C2014","fbar","2",0.169257151004085
1994,"C2014","fbar","2",0.148595480418895
1995,"C2014","fbar","2",0.167645363860284
1996,"C2014","fbar","2",0.229721757702639
1997,"C2014","fbar","2",0.240373491263622
1998,"C2014","fbar","2",0.288295567353531
1999,"C2014","fbar","2",0.308264506326192
2000,"C2014","fbar","2",0.407272282395346
2001,"C2014","fbar","2",0.439060033458887
2002,"C2014","fbar","2",0.442166815188869
2003,"C2014","fbar","2",0.384366503501796
2004,"C2014","fbar","2",0.402312247641181
2005,"C2014","fbar","2",0.354186981674014
2006,"C2014","fbar","2",0.345096287485584
2007,"C2014","fbar","2",0.338196568951453
2008,"C2014","fbar","2",0.366429567349902
2009,"C2014","fbar","2",0.576690004233385
2010,"C2014","fbar","2",0.504169206542376
2011,"C2014","fbar","2",0.903564653352547
2012,"C2014","fbar","2",1.00833127600388
2013,"C2014","fbar","2",1.17856808815664
2014,"C2014","fbar","2",1.69427955280132
2015,"C2014","fbar","2",1.45302622960645
2016,"C2014","fbar","2",1.56981863036812
2017,"C2014","fbar","2",1.57063960567781
2018,"C2014","fbar","2",1.45688557406319
2019,"C2014","fbar","2",1.45723639620901
2020,"C2014","fbar","2",1.80007681875101
2021,"C2014","fbar","2",2.99640245983202
2022,"C2014","fbar","2",7.35350894596185
2023,"C2014","fbar","2",10
2024,"C2014","fbar","2",10
2025,"C2014","fbar","2",10
2026,"C2014","fbar","2",10
2027,"C2014","fbar","2",10
1975,"Fmsy2020","ssb","1",553687.901324606
1976,"Fmsy2020","ssb","1",595252.749632099
1977,"Fmsy2020","ssb","1",615799.085658426
1978,"Fmsy2020","ssb","1",568760.375917152
1979,"Fmsy2020","ssb","1",578527.582969652
1980,"Fmsy2020","ssb","1",615559.041957258
1981,"Fmsy2020","ssb","1",721392.766786412
1982,"Fmsy2020","ssb","1",710477.642903627
1983,"Fmsy2020","ssb","1",697897.34567718
1984,"Fmsy2020","ssb","1",683567.966760764
1985,"Fmsy2020","ssb","1",577895.879023184
1986,"Fmsy2020","ssb","1",517088.438043707
1987,"Fmsy2020","ssb","1",464285.698607911
1988,"Fmsy2020","ssb","1",467986.977148513
1989,"Fmsy2020","ssb","1",479113.472733382
1990,"Fmsy2020","ssb","1",463272.423860786
1991,"Fmsy2020","ssb","1",433629.774389273
1992,"Fmsy2020","ssb","1",401249.861141677
1993,"Fmsy2020","ssb","1",406264.759915454
1994,"Fmsy2020","ssb","1",364955.907083311
1995,"Fmsy2020","ssb","1",314294.418206309
1996,"Fmsy2020","ssb","1",277006.388689437
1997,"Fmsy2020","ssb","1",244460.186221508
1998,"Fmsy2020","ssb","1",189428.113041493
1999,"Fmsy2020","ssb","1",169428.788711698
2000,"Fmsy2020","ssb","1",132718.703145253
2001,"Fmsy2020","ssb","1",124340.628734586
2002,"Fmsy2020","ssb","1",131993.276298936
2003,"Fmsy2020","ssb","1",136316.603616205
2004,"Fmsy2020","ssb","1",143604.118826699
2005,"Fmsy2020","ssb","1",130039.500105922
2006,"Fmsy2020","ssb","1",140873.824435155
2007,"Fmsy2020","ssb","1",141976.733833611
2008,"Fmsy2020","ssb","1",154671.761922566
2009,"Fmsy2020","ssb","1",151643.973113862
2010,"Fmsy2020","ssb","1",151142.635191859
2011,"Fmsy2020","ssb","1",159812.013845189
2012,"Fmsy2020","ssb","1",160682.989524527
2013,"Fmsy2020","ssb","1",183115.108100867
2014,"Fmsy2020","ssb","1",197031.666687261
2015,"Fmsy2020","ssb","1",169508.015763758
2016,"Fmsy2020","ssb","1",151123.750142573
2017,"Fmsy2020","ssb","1",148326.909578043
2018,"Fmsy2020","ssb","1",132061.173111795
2019,"Fmsy2020","ssb","1",112785.335765799
2020,"Fmsy2020","ssb","1",98927.2150382905
2021,"Fmsy2020","ssb","1",100695.789150435
2022,"Fmsy2020","ssb","1",115604.085741913
2023,"Fmsy2020","ssb","1",147081.761262105
2024,"Fmsy2020","ssb","1",175611.024610033
2025,"Fmsy2020","ssb","1",211015.510305799
2026,"Fmsy2020","ssb","1",243766.30750961
2027,"Fmsy2020","ssb","1",268600.636774559
1975,"Fmsy2020","ssb","2",551692.255006571
1976,"Fmsy2020","ssb","2",594526.775309433
1977,"Fmsy2020","ssb","2",615388.633969794
1978,"Fmsy2020","ssb","2",568089.602360176
1979,"Fmsy2020","ssb","2",577080.831237266
1980,"Fmsy2020","ssb","2",614190.67160094
1981,"Fmsy2020","ssb","2",722239.8308459
1982,"Fmsy2020","ssb","2",710410.71931578
1983,"Fmsy2020","ssb","2",697904.839471375
1984,"Fmsy2020","ssb","2",684026.29034504
1985,"Fmsy2020","ssb","2",577676.604519806
1986,"Fmsy2020","ssb","2",517379.642922852
1987,"Fmsy2020","ssb","2",465291.279310765
1988,"Fmsy2020","ssb","2",468733.891781683
1989,"Fmsy2020","ssb","2",479917.656331118
1990,"Fmsy2020","ssb","2",463722.353455454
1991,"Fmsy2020","ssb","2",433041.017010117
1992,"Fmsy2020","ssb","2",400228.196560331
1993,"Fmsy2020","ssb","2",405689.107627243
1994,"Fmsy2020","ssb","2",364061.299453535
1995,"Fmsy2020","ssb","2",313232.877565385
1996,"Fmsy2020","ssb","2",276703.517441958
1997,"Fmsy2020","ssb","2",244587.213136585
1998,"Fmsy2020","ssb","2",189858.402005901
1999,"Fmsy2020","ssb","2",169689.077566505
2000,"Fmsy2020","ssb","2",133239.400058225
2001,"Fmsy2020","ssb","2",125150.430841708
2002,"Fmsy2020","ssb","2",133511.772752099
2003,"Fmsy2020","ssb","2",138426.139146523
2004,"Fmsy2020","ssb","2",144452.035219813
2005,"Fmsy2020","ssb","2",129714.799883032
2006,"Fmsy2020","ssb","2",139446.577047338
2007,"Fmsy2020","ssb","2",139515.63490688
2008,"Fmsy2020","ssb","2",152734.222552572
2009,"Fmsy2020","ssb","2",149751.231394818
2010,"Fmsy2020","ssb","2",149260.679044918
2011,"Fmsy2020","ssb","2",157932.728299743
2012,"Fmsy2020","ssb","2",161679.663947935
2013,"Fmsy2020","ssb","2",179862.119752939
2014,"Fmsy2020","ssb","2",200339.514634529
2015,"Fmsy2020","ssb","2",164306.179017537
2016,"Fmsy2020","ssb","2",165433.003638073
2017,"Fmsy2020","ssb","2",182605.309237307
2018,"Fmsy2020","ssb","2",198202.769002091
2019,"Fmsy2020","ssb","2",219773.938769507
2020,"Fmsy2020","ssb","2",223419.422736496
2021,"Fmsy2020","ssb","2",228946.795019763
2022,"Fmsy2020","ssb","2",233285.518855238
2023,"Fmsy2020","ssb","2",243252.950382813
2024,"Fmsy2020","ssb","2",246028.953868043
2025,"Fmsy2020","ssb","2",254380.699505028
2026,"Fmsy2020","ssb","2",265343.70108148
2027,"Fmsy2020","ssb","2",250297.935177955
1975,"Fmsy2020","catch","1",33887.17076
1976,"Fmsy2020","catch","1",46985.34951
1977,"Fmsy2020","catch","1",54576.48329
1978,"Fmsy2020","catch","1",44820.34257
1979,"Fmsy2020","catch","1",41362.20957
1980,"Fmsy2020","catch","1",48593.03983
1981,"Fmsy2020","catch","1",93559.14384
1982,"Fmsy2020","catch","1",84687.75543
1983,"Fmsy2020","catch","1",83926.9287
1984,"Fmsy2020","catch","1",92723.70925
1985,"Fmsy2020","catch","1",75520.79521
1986,"Fmsy2020","catch","1",79547.10662
1987,"Fmsy2020","catch","1",73428.22243
1988,"Fmsy2020","catch","1",68191.01985
1989,"Fmsy2020","catch","1",71097.69552
1990,"Fmsy2020","catch","1",61881.51723
1991,"Fmsy2020","catch","1",54138.19362
1992,"Fmsy2020","catch","1",40049.74245
1993,"Fmsy2020","catch","1",45885.19472
1994,"Fmsy2020","catch","1",39142.88424
1995,"Fmsy2020","catch","1",41128.88723
1996,"Fmsy2020","catch","1",44309.77398
1997,"Fmsy2020","catch","1",38522.33936
1998,"Fmsy2020","catch","1",36138.84419
1999,"Fmsy2020","catch","1",27949.14912
2000,"Fmsy2020","catch","1",26107.09943
2001,"Fmsy2020","catch","1",24138.39253
2002,"Fmsy2020","catch","1",24100.78598
2003,"Fmsy2020","catch","1",21620.4976
2004,"Fmsy2020","catch","1",26929.89563
2005,"Fmsy2020","catch","1",20906.72463
2006,"Fmsy2020","catch","1",20475.45238
2007,"Fmsy2020","catch","1",21984.36186
2008,"Fmsy2020","catch","1",27583.67457
2009,"Fmsy2020","catch","1",34163.69678
2010,"Fmsy2020","catch","1",34213.8274
2011,"Fmsy2020","catch","1",54816.06731
2012,"Fmsy2020","catch","1",58732.69835
2013,"Fmsy2020","catch","1",71643.24716
2014,"Fmsy2020","catch","1",82538.66228
2015,"Fmsy2020","catch","1",78012.42535
2016,"Fmsy2020","catch","1",79405.17798
2017,"Fmsy2020","catch","1",82538.66228
2018,"Fmsy2020","catch","1",48911.8524866863
2019,"Fmsy2020","catch","1",46104.8445274746
2020,"Fmsy2020","catch","1",22956.7053890037
2021,"Fmsy2020","catch","1",29191.5155752035
2022,"Fmsy2020","catch","1",26472.2276921397
2023,"Fmsy2020","catch","1",32345.3818483984
2024,"Fmsy2020","catch","1",30503.2943828664
2025,"Fmsy2020","catch","1",33324.550278982
2026,"Fmsy2020","catch","1",43292.4285196539
2027,"Fmsy2020","catch","1",44420.5454502831
1975,"Fmsy2020","catch","2",33887.17076
1976,"Fmsy2020","catch","2",46985.34951
1977,"Fmsy2020","catch","2",54576.48329
1978,"Fmsy2020","catch","2",44820.34257
1979,"Fmsy2020","catch","2",41362.20957
1980,"Fmsy2020","catch","2",48593.03983
1981,"Fmsy2020","catch","2",93559.14384
1982,"Fmsy2020","catch","2",84687.75543
1983,"Fmsy2020","catch","2",83926.9287
1984,"Fmsy2020","catch","2",92723.70925
1985,"Fmsy2020","catch","2",75520.79521
1986,"Fmsy2020","catch","2",79547.10662
1987,"Fmsy2020","catch","2",73428.22243
1988,"Fmsy2020","catch","2",68191.01985
1989,"Fmsy2020","catch","2",71097.69552
1990,"Fmsy2020","catch","2",61881.51723
1991,"Fmsy2020","catch","2",54138.19362
1992,"Fmsy2020","catch","2",40049.74245
1993,"Fmsy2020","catch","2",45885.19472
1994,"Fmsy2020","catch","2",39142.88424
1995,"Fmsy2020","catch","2",41128.88723
1996,"Fmsy2020","catch","2",44309.77398
1997,"Fmsy2020","catch","2",38522.33936
1998,"Fmsy2020","catch","2",36138.84419
1999,"Fmsy2020","catch","2",27949.14912
2000,"Fmsy2020","catch","2",26107.09943
2001,"Fmsy2020","catch","2",24138.39253
2002,"Fmsy2020","catch","2",24100.78598
2003,"Fmsy2020","catch","2",21620.4976
2004,"Fmsy2020","catch","2",26929.89563
2005,"Fmsy2020","catch","2",20906.72463
2006,"Fmsy2020","catch","2",20475.45238
2007,"Fmsy2020","catch","2",21984.36186
2008,"Fmsy2020","catch","2",27583.67457
2009,"Fmsy2020","catch","2",34163.69678
2010,"Fmsy2020","catch","2",34213.8274
2011,"Fmsy2020","catch","2",54816.06731
2012,"Fmsy2020","catch","2",58732.69835
2013,"Fmsy2020","catch","2",71643.24716
2014,"Fmsy2020","catch","2",82538.66228
2015,"Fmsy2020","catch","2",78012.42535
2016,"Fmsy2020","catch","2",79405.17798
2017,"Fmsy2020","catch","2",82538.66228
2018,"Fmsy2020","catch","2",49044.4564457631
2019,"Fmsy2020","catch","2",50084.2651311873
2020,"Fmsy2020","catch","2",34555.7863166668
2021,"Fmsy2020","catch","2",50044.217908881
2022,"Fmsy2020","catch","2",47837.4070408147
2023,"Fmsy2020","catch","2",52535.2969820881
2024,"Fmsy2020","catch","2",60291.0204707737
2025,"Fmsy2020","catch","2",64553.6084016425
2026,"Fmsy2020","catch","2",67875.7988608563
2027,"Fmsy2020","catch","2",68245.8033151059
1975,"Fmsy2020","fbar","1",0.0887792801142769
1976,"Fmsy2020","fbar","1",0.112259617882781
1977,"Fmsy2020","fbar","1",0.125898869245961
1978,"Fmsy2020","fbar","1",0.110091242396679
1979,"Fmsy2020","fbar","1",0.0989129446186778
1980,"Fmsy2020","fbar","1",0.115769962730955
1981,"Fmsy2020","fbar","1",0.219285178436158
1982,"Fmsy2020","fbar","1",0.2025015870981
1983,"Fmsy2020","fbar","1",0.194917034903945
1984,"Fmsy2020","fbar","1",0.205399842389221
1985,"Fmsy2020","fbar","1",0.178609547814631
1986,"Fmsy2020","fbar","1",0.211200938086808
1987,"Fmsy2020","fbar","1",0.248849324230207
1988,"Fmsy2020","fbar","1",0.269782890181719
1989,"Fmsy2020","fbar","1",0.297238156152903
1990,"Fmsy2020","fbar","1",0.246445509734722
1991,"Fmsy2020","fbar","1",0.21103102156918
1992,"Fmsy2020","fbar","1",0.149876455824821
1993,"Fmsy2020","fbar","1",0.168930081883429
1994,"Fmsy2020","fbar","1",0.148188859396745
1995,"Fmsy2020","fbar","1",0.167202665939654
1996,"Fmsy2020","fbar","1",0.229361109736889
1997,"Fmsy2020","fbar","1",0.240129416399604
1998,"Fmsy2020","fbar","1",0.288590694061344
1999,"Fmsy2020","fbar","1",0.308739174852886
2000,"Fmsy2020","fbar","1",0.408623621929108
2001,"Fmsy2020","fbar","1",0.441595094000612
2002,"Fmsy2020","fbar","1",0.446819497858598
2003,"Fmsy2020","fbar","1",0.391280586684764
2004,"Fmsy2020","fbar","1",0.411014815096156
2005,"Fmsy2020","fbar","1",0.352365686907855
2006,"Fmsy2020","fbar","1",0.336659449575112
2007,"Fmsy2020","fbar","1",0.329448682147408
2008,"Fmsy2020","fbar","1",0.359953083332975
2009,"Fmsy2020","fbar","1",0.567037983325845
2010,"Fmsy2020","fbar","1",0.496540455025224
2011,"Fmsy2020","fbar","1",0.901440036929555
2012,"Fmsy2020","fbar","1",1.01524333772645
2013,"Fmsy2020","fbar","1",1.17297878514348
2014,"Fmsy2020","fbar","1",1.70952075887791
2015,"Fmsy2020","fbar","1",1.47685578770545
2016,"Fmsy2020","fbar","1",1.57400465522185
2017,"Fmsy2020","fbar","1",2.13946150825583
2018,"Fmsy2020","fbar","1",1.27778522427732
2019,"Fmsy2020","fbar","1",1.23804673629523
2020,"Fmsy2020","fbar","1",0.598313830488099
2021,"Fmsy2020","fbar","1",0.690761532794711
2022,"Fmsy2020","fbar","1",0.551628751104066
2023,"Fmsy2020","fbar","1",0.53760232201105
2024,"Fmsy2020","fbar","1",0.395859231760332
2025,"Fmsy2020","fbar","1",0.340960838394808
2026,"Fmsy2020","fbar","1",0.374866391332264
2027,"Fmsy2020","fbar","1",0.342036640318224
1975,"Fmsy2020","fbar","2",0.0891184902538819
1976,"Fmsy2020","fbar","2",0.112505169466411
1977,"Fmsy2020","fbar","2",0.126009553144764
1978,"Fmsy2020","fbar","2",0.110270169902892
1979,"Fmsy2020","fbar","2",0.0991734421331482
1980,"Fmsy2020","fbar","2",0.116060195659998
1981,"Fmsy2020","fbar","2",0.21903229893733
1982,"Fmsy2020","fbar","2",0.20237417419749
1983,"Fmsy2020","fbar","2",0.194926330680231
1984,"Fmsy2020","fbar","2",0.205322996176929
1985,"Fmsy2020","fbar","2",0.178700082051321
1986,"Fmsy2020","fbar","2",0.211157173831569
1987,"Fmsy2020","fbar","2",0.248494222495715
1988,"Fmsy2020","fbar","2",0.269181736908353
1989,"Fmsy2020","fbar","2",0.296415509437487
1990,"Fmsy2020","fbar","2",0.246025326123462
1991,"Fmsy2020","fbar","2",0.21092276140722
1992,"Fmsy2020","fbar","2",0.150260142889548
1993,"Fmsy2020","fbar","2",0.169257151004085
1994,"Fmsy2020","fbar","2",0.148595480418895
1995,"Fmsy2020","fbar","2",0.167645363860284
1996,"Fmsy2020","fbar","2",0.229721757702639
1997,"Fmsy2020","fbar","2",0.240373491263622
1998,"Fmsy2020","fbar","2",0.288295567353531
1999,"Fmsy2020","fbar","2",0.308264506326192
2000,"Fmsy2020","fbar","2",0.407272282395346
2001,"Fmsy2020","fbar","2",0.439060033458887
2002,"Fmsy2020","fbar","2",0.442166815188869
2003,"Fmsy2020","fbar","2",0.384366503501796
2004,"Fmsy2020","fbar","2",0.402312247641181
2005,"Fmsy2020","fbar","2",0.354186981674014
2006,"Fmsy2020","fbar","2",0.345096287485584
2007,"Fmsy2020","fbar","2",0.338196568951453
2008,"Fmsy2020","fbar","2",0.366429567349902
2009,"Fmsy2020","fbar","2",0.576690004233385
2010,"Fmsy2020","fbar","2",0.504169206542376
2011,"Fmsy2020","fbar","2",0.903564653352547
2012,"Fmsy2020","fbar","2",1.00833127600388
2013,"Fmsy2020","fbar","2",1.17856808815664
2014,"Fmsy2020","fbar","2",1.69427955280132
2015,"Fmsy2020","fbar","2",1.45302622960645
2016,"Fmsy2020","fbar","2",1.56981863036812
2017,"Fmsy2020","fbar","2",1.57063960567781
2018,"Fmsy2020","fbar","2",0.72905049113892
2019,"Fmsy2020","fbar","2",0.568690956828955
2020,"Fmsy2020","fbar","2",0.330466018029632
2021,"Fmsy2020","fbar","2",0.449401213154222
2022,"Fmsy2020","fbar","2",0.435162418559312
2023,"Fmsy2020","fbar","2",0.469764916949208
2024,"Fmsy2020","fbar","2",0.545068255050806
2025,"Fmsy2020","fbar","2",0.593335769330733
2026,"Fmsy2020","fbar","2",0.621729864257633
2027,"Fmsy2020","fbar","2",0.651366498744003
1975,"GFCM.HCR","ssb","1",553687.901324606
1976,"GFCM.HCR","ssb","1",595252.749632099
1977,"GFCM.HCR","ssb","1",615799.085658426
1978,"GFCM.HCR","ssb","1",568760.375917152
1979,"GFCM.HCR","ssb","1",578527.582969652
1980,"GFCM.HCR","ssb","1",615559.041957258
1981,"GFCM.HCR","ssb","1",721392.766786412
1982,"GFCM.HCR","ssb","1",710477.642903627
1983,"GFCM.HCR","ssb","1",697897.34567718
1984,"GFCM.HCR","ssb","1",683567.966760764
1985,"GFCM.HCR","ssb","1",577895.879023184
1986,"GFCM.HCR","ssb","1",517088.438043707
1987,"GFCM.HCR","ssb","1",464285.698607911
1988,"GFCM.HCR","ssb","1",467986.977148513
1989,"GFCM.HCR","ssb","1",479113.472733382
1990,"GFCM.HCR","ssb","1",463272.423860786
1991,"GFCM.HCR","ssb","1",433629.774389273
1992,"GFCM.HCR","ssb","1",401249.861141677
1993,"GFCM.HCR","ssb","1",406264.759915454
1994,"GFCM.HCR","ssb","1",364955.907083311
1995,"GFCM.HCR","ssb","1",314294.418206309
1996,"GFCM.HCR","ssb","1",277006.388689437
1997,"GFCM.HCR","ssb","1",244460.186221508
1998,"GFCM.HCR","ssb","1",189428.113041493
1999,"GFCM.HCR","ssb","1",169428.788711698
2000,"GFCM.HCR","ssb","1",132718.703145253
2001,"GFCM.HCR","ssb","1",124340.628734586
2002,"GFCM.HCR","ssb","1",131993.276298936
2003,"GFCM.HCR","ssb","1",136316.603616205
2004,"GFCM.HCR","ssb","1",143604.118826699
2005,"GFCM.HCR","ssb","1",130039.500105922
2006,"GFCM.HCR","ssb","1",140873.824435155
2007,"GFCM.HCR","ssb","1",141976.733833611
2008,"GFCM.HCR","ssb","1",154671.761922566
2009,"GFCM.HCR","ssb","1",151643.973113862
2010,"GFCM.HCR","ssb","1",151142.635191859
2011,"GFCM.HCR","ssb","1",159812.013845189
2012,"GFCM.HCR","ssb","1",160682.989524527
2013,"GFCM.HCR","ssb","1",183115.108100867
2014,"GFCM.HCR","ssb","1",197031.666687261
2015,"GFCM.HCR","ssb","1",169508.015763758
2016,"GFCM.HCR","ssb","1",151123.750142573
2017,"GFCM.HCR","ssb","1",148326.909578043
2018,"GFCM.HCR","ssb","1",132061.173111795
2019,"GFCM.HCR","ssb","1",145684.078508496
2020,"GFCM.HCR","ssb","1",168934.226874969
2021,"GFCM.HCR","ssb","1",208261.694908654
2022,"GFCM.HCR","ssb","1",283503.569090923
2023,"GFCM.HCR","ssb","1",366068.739005326
2024,"GFCM.HCR","ssb","1",420208.45473416
2025,"GFCM.HCR","ssb","1",440033.253929721
2026,"GFCM.HCR","ssb","1",430714.92756477
2027,"GFCM.HCR","ssb","1",403420.18628507
1975,"GFCM.HCR","ssb","2",551692.255006571
1976,"GFCM.HCR","ssb","2",594526.775309433
1977,"GFCM.HCR","ssb","2",615388.633969794
1978,"GFCM.HCR","ssb","2",568089.602360176
1979,"GFCM.HCR","ssb","2",577080.831237266
1980,"GFCM.HCR","ssb","2",614190.67160094
1981,"GFCM.HCR","ssb","2",722239.8308459
1982,"GFCM.HCR","ssb","2",710410.71931578
1983,"GFCM.HCR","ssb","2",697904.839471375
1984,"GFCM.HCR","ssb","2",684026.29034504
1985,"GFCM.HCR","ssb","2",577676.604519806
1986,"GFCM.HCR","ssb","2",517379.642922852
1987,"GFCM.HCR","ssb","2",465291.279310765
1988,"GFCM.HCR","ssb","2",468733.891781683
1989,"GFCM.HCR","ssb","2",479917.656331118
1990,"GFCM.HCR","ssb","2",463722.353455454
1991,"GFCM.HCR","ssb","2",433041.017010117
1992,"GFCM.HCR","ssb","2",400228.196560331
1993,"GFCM.HCR","ssb","2",405689.107627243
1994,"GFCM.HCR","ssb","2",364061.299453535
1995,"GFCM.HCR","ssb","2",313232.877565385
1996,"GFCM.HCR","ssb","2",276703.517441958
1997,"GFCM.HCR","ssb","2",244587.213136585
1998,"GFCM.HCR","ssb","2",189858.402005901
1999,"GFCM.HCR","ssb","2",169689.077566505
2000,"GFCM.HCR","ssb","2",133239.400058225
2001,"GFCM.HCR","ssb","2",125150.430841708
2002,"GFCM.HCR","ssb","2",133511.772752099
2003,"GFCM.HCR","ssb","2",138426.139146523
2004,"GFCM.HCR","ssb","2",144452.035219813
2005,"GFCM.HCR","ssb","2",129714.799883032
2006,"GFCM.HCR","ssb","2",139446.577047338
2007,"GFCM.HCR","ssb","2",139515.63490688
2008,"GFCM.HCR","ssb","2",152734.222552572
2009,"GFCM.HCR","ssb","2",149751.231394818
2010,"GFCM.HCR","ssb","2",149260.679044918
2011,"GFCM.HCR","ssb","2",157932.728299743
2012,"GFCM.HCR","ssb","2",161679.663947935
2013,"GFCM.HCR","ssb","2",179862.119752939
2014,"GFCM.HCR","ssb","2",200339.514634529
2015,"GFCM.HCR","ssb","2",164306.179017537
2016,"GFCM.HCR","ssb","2",165433.003638073
2017,"GFCM.HCR","ssb","2",182605.309237307
2018,"GFCM.HCR","ssb","2",198202.769002091
2019,"GFCM.HCR","ssb","2",253578.69063453
2020,"GFCM.HCR","ssb","2",282609.976670885
2021,"GFCM.HCR","ssb","2",328545.069541879
2022,"GFCM.HCR","ssb","2",335837.764400543
2023,"GFCM.HCR","ssb","2",323247.619569047
2024,"GFCM.HCR","ssb","2",307742.38978061
2025,"GFCM.HCR","ssb","2",311622.734220165
2026,"GFCM.HCR","ssb","2",327182.911864621
2027,"GFCM.HCR","ssb","2",312808.338904835
1975,"GFCM.HCR","catch","1",33887.17076
1976,"GFCM.HCR","catch","1",46985.34951
1977,"GFCM.HCR","catch","1",54576.48329
1978,"GFCM.HCR","catch","1",44820.34257
1979,"GFCM.HCR","catch","1",41362.20957
1980,"GFCM.HCR","catch","1",48593.03983
1981,"GFCM.HCR","catch","1",93559.14384
1982,"GFCM.HCR","catch","1",84687.75543
1983,"GFCM.HCR","catch","1",83926.9287
1984,"GFCM.HCR","catch","1",92723.70925
1985,"GFCM.HCR","catch","1",75520.79521
1986,"GFCM.HCR","catch","1",79547.10662
1987,"GFCM.HCR","catch","1",73428.22243
1988,"GFCM.HCR","catch","1",68191.01985
1989,"GFCM.HCR","catch","1",71097.69552
1990,"GFCM.HCR","catch","1",61881.51723
1991,"GFCM.HCR","catch","1",54138.19362
1992,"GFCM.HCR","catch","1",40049.74245
1993,"GFCM.HCR","catch","1",45885.19472
1994,"GFCM.HCR","catch","1",39142.88424
1995,"GFCM.HCR","catch","1",41128.88723
1996,"GFCM.HCR","catch","1",44309.77398
1997,"GFCM.HCR","catch","1",38522.33936
1998,"GFCM.HCR","catch","1",36138.84419
1999,"GFCM.HCR","catch","1",27949.14912
2000,"GFCM.HCR","catch","1",26107.09943
2001,"GFCM.HCR","catch","1",24138.39253
2002,"GFCM.HCR","catch","1",24100.78598
2003,"GFCM.HCR","catch","1",21620.4976
2004,"GFCM.HCR","catch","1",26929.89563
2005,"GFCM.HCR","catch","1",20906.72463
2006,"GFCM.HCR","catch","1",20475.45238
2007,"GFCM.HCR","catch","1",21984.36186
2008,"GFCM.HCR","catch","1",27583.67457
2009,"GFCM.HCR","catch","1",34163.69678
2010,"GFCM.HCR","catch","1",34213.8274
2011,"GFCM.HCR","catch","1",54816.06731
2012,"GFCM.HCR","catch","1",58732.69835
2013,"GFCM.HCR","catch","1",71643.24716
2014,"GFCM.HCR","catch","1",82538.66228
2015,"GFCM.HCR","catch","1",78012.42535
2016,"GFCM.HCR","catch","1",79405.17798
2017,"GFCM.HCR","catch","1",82538.66228
2018,"GFCM.HCR","catch","1",7672.26680261651
2019,"GFCM.HCR","catch","1",10608.3769557908
2020,"GFCM.HCR","catch","1",0
2021,"GFCM.HCR","catch","1",9045.86387761373
2022,"GFCM.HCR","catch","1",61287.8415817955
2023,"GFCM.HCR","catch","1",85691.777215132
2024,"GFCM.HCR","catch","1",87034.5426468922
2025,"GFCM.HCR","catch","1",88678.4458001596
2026,"GFCM.HCR","catch","1",100314.064353024
2027,"GFCM.HCR","catch","1",96247.8017145903
1975,"GFCM.HCR","catch","2",33887.17076
1976,"GFCM.HCR","catch","2",46985.34951
1977,"GFCM.HCR","catch","2",54576.48329
1978,"GFCM.HCR","catch","2",44820.34257
1979,"GFCM.HCR","catch","2",41362.20957
1980,"GFCM.HCR","catch","2",48593.03983
1981,"GFCM.HCR","catch","2",93559.14384
1982,"GFCM.HCR","catch","2",84687.75543
1983,"GFCM.HCR","catch","2",83926.9287
1984,"GFCM.HCR","catch","2",92723.70925
1985,"GFCM.HCR","catch","2",75520.79521
1986,"GFCM.HCR","catch","2",79547.10662
1987,"GFCM.HCR","catch","2",73428.22243
1988,"GFCM.HCR","catch","2",68191.01985
1989,"GFCM.HCR","catch","2",71097.69552
1990,"GFCM.HCR","catch","2",61881.51723
1991,"GFCM.HCR","catch","2",54138.19362
1992,"GFCM.HCR","catch","2",40049.74245
1993,"GFCM.HCR","catch","2",45885.19472
1994,"GFCM.HCR","catch","2",39142.88424
1995,"GFCM.HCR","catch","2",41128.88723
1996,"GFCM.HCR","catch","2",44309.77398
1997,"GFCM.HCR","catch","2",38522.33936
1998,"GFCM.HCR","catch","2",36138.84419
1999,"GFCM.HCR","catch","2",27949.14912
2000,"GFCM.HCR","catch","2",26107.09943
2001,"GFCM.HCR","catch","2",24138.39253
2002,"GFCM.HCR","catch","2",24100.78598
2003,"GFCM.HCR","catch","2",21620.4976
2004,"GFCM.HCR","catch","2",26929.89563
2005,"GFCM.HCR","catch","2",20906.72463
2006,"GFCM.HCR","catch","2",20475.45238
2007,"GFCM.HCR","catch","2",21984.36186
2008,"GFCM.HCR","catch","2",27583.67457
2009,"GFCM.HCR","catch","2",34163.69678
2010,"GFCM.HCR","catch","2",34213.8274
2011,"GFCM.HCR","catch","2",54816.06731
2012,"GFCM.HCR","catch","2",58732.69835
2013,"GFCM.HCR","catch","2",71643.24716
2014,"GFCM.HCR","catch","2",82538.66228
2015,"GFCM.HCR","catch","2",78012.42535
2016,"GFCM.HCR","catch","2",79405.17798
2017,"GFCM.HCR","catch","2",82538.66228
2018,"GFCM.HCR","catch","2",7691.02337037427
2019,"GFCM.HCR","catch","2",30095.1787747635
2020,"GFCM.HCR","catch","2",596.197137647868
2021,"GFCM.HCR","catch","2",72906.9317668826
2022,"GFCM.HCR","catch","2",102649.923314471
2023,"GFCM.HCR","catch","2",92125.9915577303
2024,"GFCM.HCR","catch","2",82278.8363032705
2025,"GFCM.HCR","catch","2",75946.095933018
2026,"GFCM.HCR","catch","2",78615.0416707029
2027,"GFCM.HCR","catch","2",81378.1110680261
1975,"GFCM.HCR","fbar","1",0.0887792801142769
1976,"GFCM.HCR","fbar","1",0.112259617882781
1977,"GFCM.HCR","fbar","1",0.125898869245961
1978,"GFCM.HCR","fbar","1",0.110091242396679
1979,"GFCM.HCR","fbar","1",0.0989129446186778
1980,"GFCM.HCR","fbar","1",0.115769962730955
1981,"GFCM.HCR","fbar","1",0.219285178436158
1982,"GFCM.HCR","fbar","1",0.2025015870981
1983,"GFCM.HCR","fbar","1",0.194917034903945
1984,"GFCM.HCR","fbar","1",0.205399842389221
1985,"GFCM.HCR","fbar","1",0.178609547814631
1986,"GFCM.HCR","fbar","1",0.211200938086808
1987,"GFCM.HCR","fbar","1",0.248849324230207
1988,"GFCM.HCR","fbar","1",0.269782890181719
1989,"GFCM.HCR","fbar","1",0.297238156152903
1990,"GFCM.HCR","fbar","1",0.246445509734722
1991,"GFCM.HCR","fbar","1",0.21103102156918
1992,"GFCM.HCR","fbar","1",0.149876455824821
1993,"GFCM.HCR","fbar","1",0.168930081883429
1994,"GFCM.HCR","fbar","1",0.148188859396745
1995,"GFCM.HCR","fbar","1",0.167202665939654
1996,"GFCM.HCR","fbar","1",0.229361109736889
1997,"GFCM.HCR","fbar","1",0.240129416399604
1998,"GFCM.HCR","fbar","1",0.288590694061344
1999,"GFCM.HCR","fbar","1",0.308739174852886
2000,"GFCM.HCR","fbar","1",0.408623621929108
2001,"GFCM.HCR","fbar","1",0.441595094000612
2002,"GFCM.HCR","fbar","1",0.446819497858598
2003,"GFCM.HCR","fbar","1",0.391280586684764
2004,"GFCM.HCR","fbar","1",0.411014815096156
2005,"GFCM.HCR","fbar","1",0.352365686907855
2006,"GFCM.HCR","fbar","1",0.336659449575112
2007,"GFCM.HCR","fbar","1",0.329448682147408
2008,"GFCM.HCR","fbar","1",0.359953083332975
2009,"GFCM.HCR","fbar","1",0.567037983325845
2010,"GFCM.HCR","fbar","1",0.496540455025224
2011,"GFCM.HCR","fbar","1",0.901440036929555
2012,"GFCM.HCR","fbar","1",1.01524333772645
2013,"GFCM.HCR","fbar","1",1.17297878514348
2014,"GFCM.HCR","fbar","1",1.70952075887791
2015,"GFCM.HCR","fbar","1",1.47685578770545
2016,"GFCM.HCR","fbar","1",1.57400465522185
2017,"GFCM.HCR","fbar","1",2.13946150825583
2018,"GFCM.HCR","fbar","1",0.151983239899179
2019,"GFCM.HCR","fbar","1",0.134371441469682
2020,"GFCM.HCR","fbar","1",0
2021,"GFCM.HCR","fbar","1",0.0677892835546332
2022,"GFCM.HCR","fbar","1",0.428099587107779
2023,"GFCM.HCR","fbar","1",0.562686345237498
2024,"GFCM.HCR","fbar","1",0.492636938365234
2025,"GFCM.HCR","fbar","1",0.446470699540994
2026,"GFCM.HCR","fbar","1",0.500746805310965
2027,"GFCM.HCR","fbar","1",0.514506827965331
1975,"GFCM.HCR","fbar","2",0.0891184902538819
1976,"GFCM.HCR","fbar","2",0.112505169466411
1977,"GFCM.HCR","fbar","2",0.126009553144764
1978,"GFCM.HCR","fbar","2",0.110270169902892
1979,"GFCM.HCR","fbar","2",0.0991734421331482
1980,"GFCM.HCR","fbar","2",0.116060195659998
1981,"GFCM.HCR","fbar","2",0.21903229893733
1982,"GFCM.HCR","fbar","2",0.20237417419749
1983,"GFCM.HCR","fbar","2",0.194926330680231
1984,"GFCM.HCR","fbar","2",0.205322996176929
1985,"GFCM.HCR","fbar","2",0.178700082051321
1986,"GFCM.HCR","fbar","2",0.211157173831569
1987,"GFCM.HCR","fbar","2",0.248494222495715
1988,"GFCM.HCR","fbar","2",0.269181736908353
1989,"GFCM.HCR","fbar","2",0.296415509437487
1990,"GFCM.HCR","fbar","2",0.246025326123462
1991,"GFCM.HCR","fbar","2",0.21092276140722
1992,"GFCM.HCR","fbar","2",0.150260142889548
1993,"GFCM.HCR","fbar","2",0.169257151004085
1994,"GFCM.HCR","fbar","2",0.148595480418895
1995,"GFCM.HCR","fbar","2",0.167645363860284
1996,"GFCM.HCR","fbar","2",0.229721757702639
1997,"GFCM.HCR","fbar","2",0.240373491263622
1998,"GFCM.HCR","fbar","2",0.288295567353531
1999,"GFCM.HCR","fbar","2",0.308264506326192
2000,"GFCM.HCR","fbar","2",0.407272282395346
2001,"GFCM.HCR","fbar","2",0.439060033458887
2002,"GFCM.HCR","fbar","2",0.442166815188869
2003,"GFCM.HCR","fbar","2",0.384366503501796
2004,"GFCM.HCR","fbar","2",0.402312247641181
2005,"GFCM.HCR","fbar","2",0.354186981674014
2006,"GFCM.HCR","fbar","2",0.345096287485584
2007,"GFCM.HCR","fbar","2",0.338196568951453
2008,"GFCM.HCR","fbar","2",0.366429567349902
2009,"GFCM.HCR","fbar","2",0.576690004233385
2010,"GFCM.HCR","fbar","2",0.504169206542376
2011,"GFCM.HCR","fbar","2",0.903564653352547
2012,"GFCM.HCR","fbar","2",1.00833127600388
2013,"GFCM.HCR","fbar","2",1.17856808815664
2014,"GFCM.HCR","fbar","2",1.69427955280132
2015,"GFCM.HCR","fbar","2",1.45302622960645
2016,"GFCM.HCR","fbar","2",1.56981863036812
2017,"GFCM.HCR","fbar","2",1.57063960567781
2018,"GFCM.HCR","fbar","2",0.0951704020383796
2019,"GFCM.HCR","fbar","2",0.23779633477936
2020,"GFCM.HCR","fbar","2",0.00358792006933412
2021,"GFCM.HCR","fbar","2",0.410355414069165
2022,"GFCM.HCR","fbar","2",0.710658278007794
2023,"GFCM.HCR","fbar","2",0.716793512551965
2024,"GFCM.HCR","fbar","2",0.647050133002917
2025,"GFCM.HCR","fbar","2",0.578128575107299
2026,"GFCM.HCR","fbar","2",0.572226355221617
2027,"GFCM.HCR","fbar","2",0.605539369090624
1975,"GFCM.HCR.modif","ssb","1",553687.901324606
1976,"GFCM.HCR.modif","ssb","1",595252.749632099
1977,"GFCM.HCR.modif","ssb","1",615799.085658426
1978,"GFCM.HCR.modif","ssb","1",568760.375917152
1979,"GFCM.HCR.modif","ssb","1",578527.582969652
1980,"GFCM.HCR.modif","ssb","1",615559.041957258
1981,"GFCM.HCR.modif","ssb","1",721392.766786412
1982,"GFCM.HCR.modif","ssb","1",710477.642903627
1983,"GFCM.HCR.modif","ssb","1",697897.34567718
1984,"GFCM.HCR.modif","ssb","1",683567.966760764
1985,"GFCM.HCR.modif","ssb","1",577895.879023184
1986,"GFCM.HCR.modif","ssb","1",517088.438043707
1987,"GFCM.HCR.modif","ssb","1",464285.698607911
1988,"GFCM.HCR.modif","ssb","1",467986.977148513
1989,"GFCM.HCR.modif","ssb","1",479113.472733382
1990,"GFCM.HCR.modif","ssb","1",463272.423860786
1991,"GFCM.HCR.modif","ssb","1",433629.774389273
1992,"GFCM.HCR.modif","ssb","1",401249.861141677
1993,"GFCM.HCR.modif","ssb","1",406264.759915454
1994,"GFCM.HCR.modif","ssb","1",364955.907083311
1995,"GFCM.HCR.modif","ssb","1",314294.418206309
1996,"GFCM.HCR.modif","ssb","1",277006.388689437
1997,"GFCM.HCR.modif","ssb","1",244460.186221508
1998,"GFCM.HCR.modif","ssb","1",189428.113041493
1999,"GFCM.HCR.modif","ssb","1",169428.788711698
2000,"GFCM.HCR.modif","ssb","1",132718.703145253
2001,"GFCM.HCR.modif","ssb","1",124340.628734586
2002,"GFCM.HCR.modif","ssb","1",131993.276298936
2003,"GFCM.HCR.modif","ssb","1",136316.603616205
2004,"GFCM.HCR.modif","ssb","1",143604.118826699
2005,"GFCM.HCR.modif","ssb","1",130039.500105922
2006,"GFCM.HCR.modif","ssb","1",140873.824435155
2007,"GFCM.HCR.modif","ssb","1",141976.733833611
2008,"GFCM.HCR.modif","ssb","1",154671.761922566
2009,"GFCM.HCR.modif","ssb","1",151643.973113862
2010,"GFCM.HCR.modif","ssb","1",151142.635191859
2011,"GFCM.HCR.modif","ssb","1",159812.013845189
2012,"GFCM.HCR.modif","ssb","1",160682.989524527
2013,"GFCM.HCR.modif","ssb","1",183115.108100867
2014,"GFCM.HCR.modif","ssb","1",197031.666687261
2015,"GFCM.HCR.modif","ssb","1",169508.015763758
2016,"GFCM.HCR.modif","ssb","1",151123.750142573
2017,"GFCM.HCR.modif","ssb","1",148326.909578043
2018,"GFCM.HCR.modif","ssb","1",132061.173111795
2019,"GFCM.HCR.modif","ssb","1",145684.078508496
2020,"GFCM.HCR.modif","ssb","1",168934.226874969
2021,"GFCM.HCR.modif","ssb","1",208261.694908654
2022,"GFCM.HCR.modif","ssb","1",283503.569090923
2023,"GFCM.HCR.modif","ssb","1",378165.052396707
2024,"GFCM.HCR.modif","ssb","1",427886.807635188
2025,"GFCM.HCR.modif","ssb","1",441953.301507913
2026,"GFCM.HCR.modif","ssb","1",429445.906757551
2027,"GFCM.HCR.modif","ssb","1",400035.79021087
1975,"GFCM.HCR.modif","ssb","2",551692.255006571
1976,"GFCM.HCR.modif","ssb","2",594526.775309433
1977,"GFCM.HCR.modif","ssb","2",615388.633969794
1978,"GFCM.HCR.modif","ssb","2",568089.602360176
1979,"GFCM.HCR.modif","ssb","2",577080.831237266
1980,"GFCM.HCR.modif","ssb","2",614190.67160094
1981,"GFCM.HCR.modif","ssb","2",722239.8308459
1982,"GFCM.HCR.modif","ssb","2",710410.71931578
1983,"GFCM.HCR.modif","ssb","2",697904.839471375
1984,"GFCM.HCR.modif","ssb","2",684026.29034504
1985,"GFCM.HCR.modif","ssb","2",577676.604519806
1986,"GFCM.HCR.modif","ssb","2",517379.642922852
1987,"GFCM.HCR.modif","ssb","2",465291.279310765
1988,"GFCM.HCR.modif","ssb","2",468733.891781683
1989,"GFCM.HCR.modif","ssb","2",479917.656331118
1990,"GFCM.HCR.modif","ssb","2",463722.353455454
1991,"GFCM.HCR.modif","ssb","2",433041.017010117
1992,"GFCM.HCR.modif","ssb","2",400228.196560331
1993,"GFCM.HCR.modif","ssb","2",405689.107627243
1994,"GFCM.HCR.modif","ssb","2",364061.299453535
1995,"GFCM.HCR.modif","ssb","2",313232.877565385
1996,"GFCM.HCR.modif","ssb","2",276703.517441958
1997,"GFCM.HCR.modif","ssb","2",244587.213136585
1998,"GFCM.HCR.modif","ssb","2",189858.402005901
1999,"GFCM.HCR.modif","ssb","2",169689.077566505
2000,"GFCM.HCR.modif","ssb","2",133239.400058225
2001,"GFCM.HCR.modif","ssb","2",125150.430841708
2002,"GFCM.HCR.modif","ssb","2",133511.772752099
2003,"GFCM.HCR.modif","ssb","2",138426.139146523
2004,"GFCM.HCR.modif","ssb","2",144452.035219813
2005,"GFCM.HCR.modif","ssb","2",129714.799883032
2006,"GFCM.HCR.modif","ssb","2",139446.577047338
2007,"GFCM.HCR.modif","ssb","2",139515.63490688
2008,"GFCM.HCR.modif","ssb","2",152734.222552572
2009,"GFCM.HCR.modif","ssb","2",149751.231394818
2010,"GFCM.HCR.modif","ssb","2",149260.679044918
2011,"GFCM.HCR.modif","ssb","2",157932.728299743
2012,"GFCM.HCR.modif","ssb","2",161679.663947935
2013,"GFCM.HCR.modif","ssb","2",179862.119752939
2014,"GFCM.HCR.modif","ssb","2",200339.514634529
2015,"GFCM.HCR.modif","ssb","2",164306.179017537
2016,"GFCM.HCR.modif","ssb","2",165433.003638073
2017,"GFCM.HCR.modif","ssb","2",182605.309237307
2018,"GFCM.HCR.modif","ssb","2",198202.769002091
2019,"GFCM.HCR.modif","ssb","2",253578.69063453
2020,"GFCM.HCR.modif","ssb","2",293307.156453529
2021,"GFCM.HCR.modif","ssb","2",341694.932302665
2022,"GFCM.HCR.modif","ssb","2",351666.086415468
2023,"GFCM.HCR.modif","ssb","2",342320.163291806
2024,"GFCM.HCR.modif","ssb","2",328129.201806596
2025,"GFCM.HCR.modif","ssb","2",332955.879595174
2026,"GFCM.HCR.modif","ssb","2",350069.143316506
2027,"GFCM.HCR.modif","ssb","2",335377.436671149
1975,"GFCM.HCR.modif","catch","1",33887.17076
1976,"GFCM.HCR.modif","catch","1",46985.34951
1977,"GFCM.HCR.modif","catch","1",54576.48329
1978,"GFCM.HCR.modif","catch","1",44820.34257
1979,"GFCM.HCR.modif","catch","1",41362.20957
1980,"GFCM.HCR.modif","catch","1",48593.03983
1981,"GFCM.HCR.modif","catch","1",93559.14384
1982,"GFCM.HCR.modif","catch","1",84687.75543
1983,"GFCM.HCR.modif","catch","1",83926.9287
1984,"GFCM.HCR.modif","catch","1",92723.70925
1985,"GFCM.HCR.modif","catch","1",75520.79521
1986,"GFCM.HCR.modif","catch","1",79547.10662
1987,"GFCM.HCR.modif","catch","1",73428.22243
1988,"GFCM.HCR.modif","catch","1",68191.01985
1989,"GFCM.HCR.modif","catch","1",71097.69552
1990,"GFCM.HCR.modif","catch","1",61881.51723
1991,"GFCM.HCR.modif","catch","1",54138.19362
1992,"GFCM.HCR.modif","catch","1",40049.74245
1993,"GFCM.HCR.modif","catch","1",45885.19472
1994,"GFCM.HCR.modif","catch","1",39142.88424
1995,"GFCM.HCR.modif","catch","1",41128.88723
1996,"GFCM.HCR.modif","catch","1",44309.77398
1997,"GFCM.HCR.modif","catch","1",38522.33936
1998,"GFCM.HCR.modif","catch","1",36138.84419
1999,"GFCM.HCR.modif","catch","1",27949.14912
2000,"GFCM.HCR.modif","catch","1",26107.09943
2001,"GFCM.HCR.modif","catch","1",24138.39253
2002,"GFCM.HCR.modif","catch","1",24100.78598
2003,"GFCM.HCR.modif","catch","1",21620.4976
2004,"GFCM.HCR.modif","catch","1",26929.89563
2005,"GFCM.HCR.modif","catch","1",20906.72463
2006,"GFCM.HCR.modif","catch","1",20475.45238
2007,"GFCM.HCR.modif","catch","1",21984.36186
2008,"GFCM.HCR.modif","catch","1",27583.67457
2009,"GFCM.HCR.modif","catch","1",34163.69678
2010,"GFCM.HCR.modif","catch","1",34213.8274
2011,"GFCM.HCR.modif","catch","1",54816.06731
2012,"GFCM.HCR.modif","catch","1",58732.69835
2013,"GFCM.HCR.modif","catch","1",71643.24716
2014,"GFCM.HCR.modif","catch","1",82538.66228
2015,"GFCM.HCR.modif","catch","1",78012.42535
2016,"GFCM.HCR.modif","catch","1",79405.17798
2017,"GFCM.HCR.modif","catch","1",82538.66228
2018,"GFCM.HCR.modif","catch","1",7672.26680261651
2019,"GFCM.HCR.modif","catch","1",10608.3769557908
2020,"GFCM.HCR.modif","catch","1",0
2021,"GFCM.HCR.modif","catch","1",9045.86387761373
2022,"GFCM.HCR.modif","catch","1",46454.7153808551
2023,"GFCM.HCR.modif","catch","1",85691.777215132
2024,"GFCM.HCR.modif","catch","1",90765.4671362383
2025,"GFCM.HCR.modif","catch","1",91765.6411518918
2026,"GFCM.HCR.modif","catch","1",103459.835566356
2027,"GFCM.HCR.modif","catch","1",97775.7150411239
1975,"GFCM.HCR.modif","catch","2",33887.17076
1976,"GFCM.HCR.modif","catch","2",46985.34951
1977,"GFCM.HCR.modif","catch","2",54576.48329
1978,"GFCM.HCR.modif","catch","2",44820.34257
1979,"GFCM.HCR.modif","catch","2",41362.20957
1980,"GFCM.HCR.modif","catch","2",48593.03983
1981,"GFCM.HCR.modif","catch","2",93559.14384
1982,"GFCM.HCR.modif","catch","2",84687.75543
1983,"GFCM.HCR.modif","catch","2",83926.9287
1984,"GFCM.HCR.modif","catch","2",92723.70925
1985,"GFCM.HCR.modif","catch","2",75520.79521
1986,"GFCM.HCR.modif","catch","2",79547.10662
1987,"GFCM.HCR.modif","catch","2",73428.22243
1988,"GFCM.HCR.modif","catch","2",68191.01985
1989,"GFCM.HCR.modif","catch","2",71097.69552
1990,"GFCM.HCR.modif","catch","2",61881.51723
1991,"GFCM.HCR.modif","catch","2",54138.19362
1992,"GFCM.HCR.modif","catch","2",40049.74245
1993,"GFCM.HCR.modif","catch","2",45885.19472
1994,"GFCM.HCR.modif","catch","2",39142.88424
1995,"GFCM.HCR.modif","catch","2",41128.88723
1996,"GFCM.HCR.modif","catch","2",44309.77398
1997,"GFCM.HCR.modif","catch","2",38522.33936
1998,"GFCM.HCR.modif","catch","2",36138.84419
1999,"GFCM.HCR.modif","catch","2",27949.14912
2000,"GFCM.HCR.modif","catch","2",26107.09943
2001,"GFCM.HCR.modif","catch","2",24138.39253
2002,"GFCM.HCR.modif","catch","2",24100.78598
2003,"GFCM.HCR.modif","catch","2",21620.4976
2004,"GFCM.HCR.modif","catch","2",26929.89563
2005,"GFCM.HCR.modif","catch","2",20906.72463
2006,"GFCM.HCR.modif","catch","2",20475.45238
2007,"GFCM.HCR.modif","catch","2",21984.36186
2008,"GFCM.HCR.modif","catch","2",27583.67457
2009,"GFCM.HCR.modif","catch","2",34163.69678
2010,"GFCM.HCR.modif","catch","2",34213.8274
2011,"GFCM.HCR.modif","catch","2",54816.06731
2012,"GFCM.HCR.modif","catch","2",58732.69835
2013,"GFCM.HCR.modif","catch","2",71643.24716
2014,"GFCM.HCR.modif","catch","2",82538.66228
2015,"GFCM.HCR.modif","catch","2",78012.42535
2016,"GFCM.HCR.modif","catch","2",79405.17798
2017,"GFCM.HCR.modif","catch","2",82538.66228
2018,"GFCM.HCR.modif","catch","2",7691.02337037427
2019,"GFCM.HCR.modif","catch","2",17586.5346063704
2020,"GFCM.HCR.modif","catch","2",596.197137647868
2021,"GFCM.HCR.modif","catch","2",73013.3169537894
2022,"GFCM.HCR.modif","catch","2",100877.230156382
2023,"GFCM.HCR.modif","catch","2",95101.9113926798
2024,"GFCM.HCR.modif","catch","2",87045.1807430059
2025,"GFCM.HCR.modif","catch","2",80585.7981504238
2026,"GFCM.HCR.modif","catch","2",82750.0964319959
2027,"GFCM.HCR.modif","catch","2",85637.1018691011
1975,"GFCM.HCR.modif","fbar","1",0.0887792801142769
1976,"GFCM.HCR.modif","fbar","1",0.112259617882781
1977,"GFCM.HCR.modif","fbar","1",0.125898869245961
1978,"GFCM.HCR.modif","fbar","1",0.110091242396679
1979,"GFCM.HCR.modif","fbar","1",0.0989129446186778
1980,"GFCM.HCR.modif","fbar","1",0.115769962730955
1981,"GFCM.HCR.modif","fbar","1",0.219285178436158
1982,"GFCM.HCR.modif","fbar","1",0.2025015870981
1983,"GFCM.HCR.modif","fbar","1",0.194917034903945
1984,"GFCM.HCR.modif","fbar","1",0.205399842389221
1985,"GFCM.HCR.modif","fbar","1",0.178609547814631
1986,"GFCM.HCR.modif","fbar","1",0.211200938086808
1987,"GFCM.HCR.modif","fbar","1",0.248849324230207
1988,"GFCM.HCR.modif","fbar","1",0.269782890181719
1989,"GFCM.HCR.modif","fbar","1",0.297238156152903
1990,"GFCM.HCR.modif","fbar","1",0.246445509734722
1991,"GFCM.HCR.modif","fbar","1",0.21103102156918
1992,"GFCM.HCR.modif","fbar","1",0.149876455824821
1993,"GFCM.HCR.modif","fbar","1",0.168930081883429
1994,"GFCM.HCR.modif","fbar","1",0.148188859396745
1995,"GFCM.HCR.modif","fbar","1",0.167202665939654
1996,"GFCM.HCR.modif","fbar","1",0.229361109736889
1997,"GFCM.HCR.modif","fbar","1",0.240129416399604
1998,"GFCM.HCR.modif","fbar","1",0.288590694061344
1999,"GFCM.HCR.modif","fbar","1",0.308739174852886
2000,"GFCM.HCR.modif","fbar","1",0.408623621929108
2001,"GFCM.HCR.modif","fbar","1",0.441595094000612
2002,"GFCM.HCR.modif","fbar","1",0.446819497858598
2003,"GFCM.HCR.modif","fbar","1",0.391280586684764
2004,"GFCM.HCR.modif","fbar","1",0.411014815096156
2005,"GFCM.HCR.modif","fbar","1",0.352365686907855
2006,"GFCM.HCR.modif","fbar","1",0.336659449575112
2007,"GFCM.HCR.modif","fbar","1",0.329448682147408
2008,"GFCM.HCR.modif","fbar","1",0.359953083332975
2009,"GFCM.HCR.modif","fbar","1",0.567037983325845
2010,"GFCM.HCR.modif","fbar","1",0.496540455025224
2011,"GFCM.HCR.modif","fbar","1",0.901440036929555
2012,"GFCM.HCR.modif","fbar","1",1.01524333772645
2013,"GFCM.HCR.modif","fbar","1",1.17297878514348
2014,"GFCM.HCR.modif","fbar","1",1.70952075887791
2015,"GFCM.HCR.modif","fbar","1",1.47685578770545
2016,"GFCM.HCR.modif","fbar","1",1.57400465522185
2017,"GFCM.HCR.modif","fbar","1",2.13946150825583
2018,"GFCM.HCR.modif","fbar","1",0.151983239899179
2019,"GFCM.HCR.modif","fbar","1",0.134371441469682
2020,"GFCM.HCR.modif","fbar","1",0
2021,"GFCM.HCR.modif","fbar","1",0.0677892835546332
2022,"GFCM.HCR.modif","fbar","1",0.308891871815697
2023,"GFCM.HCR.modif","fbar","1",0.525540626213542
2024,"GFCM.HCR.modif","fbar","1",0.49777669115827
2025,"GFCM.HCR.modif","fbar","1",0.460113563487615
2026,"GFCM.HCR.modif","fbar","1",0.523069067759522
2027,"GFCM.HCR.modif","fbar","1",0.533894275425141
1975,"GFCM.HCR.modif","fbar","2",0.0891184902538819
1976,"GFCM.HCR.modif","fbar","2",0.112505169466411
1977,"GFCM.HCR.modif","fbar","2",0.126009553144764
1978,"GFCM.HCR.modif","fbar","2",0.110270169902892
1979,"GFCM.HCR.modif","fbar","2",0.0991734421331482
1980,"GFCM.HCR.modif","fbar","2",0.116060195659998
1981,"GFCM.HCR.modif","fbar","2",0.21903229893733
1982,"GFCM.HCR.modif","fbar","2",0.20237417419749
1983,"GFCM.HCR.modif","fbar","2",0.194926330680231
1984,"GFCM.HCR.modif","fbar","2",0.205322996176929
1985,"GFCM.HCR.modif","fbar","2",0.178700082051321
1986,"GFCM.HCR.modif","fbar","2",0.211157173831569
1987,"GFCM.HCR.modif","fbar","2",0.248494222495715
1988,"GFCM.HCR.modif","fbar","2",0.269181736908353
1989,"GFCM.HCR.modif","fbar","2",0.296415509437487
1990,"GFCM.HCR.modif","fbar","2",0.246025326123462
1991,"GFCM.HCR.modif","fbar","2",0.21092276140722
1992,"GFCM.HCR.modif","fbar","2",0.150260142889548
1993,"GFCM.HCR.modif","fbar","2",0.169257151004085
1994,"GFCM.HCR.modif","fbar","2",0.148595480418895
1995,"GFCM.HCR.modif","fbar","2",0.167645363860284
1996,"GFCM.HCR.modif","fbar","2",0.229721757702639
1997,"GFCM.HCR.modif","fbar","2",0.240373491263622
1998,"GFCM.HCR.modif","fbar","2",0.288295567353531
1999,"GFCM.HCR.modif","fbar","2",0.308264506326192
2000,"GFCM.HCR.modif","fbar","2",0.407272282395346
2001,"GFCM.HCR.modif","fbar","2",0.439060033458887
2002,"GFCM.HCR.modif","fbar","2",0.442166815188869
2003,"GFCM.HCR.modif","fbar","2",0.384366503501796
2004,"GFCM.HCR.modif","fbar","2",0.402312247641181
2005,"GFCM.HCR.modif","fbar","2",0.354186981674014
2006,"GFCM.HCR.modif","fbar","2",0.345096287485584
2007,"GFCM.HCR.modif","fbar","2",0.338196568951453
2008,"GFCM.HCR.modif","fbar","2",0.366429567349902
2009,"GFCM.HCR.modif","fbar","2",0.576690004233385
2010,"GFCM.HCR.modif","fbar","2",0.504169206542376
2011,"GFCM.HCR.modif","fbar","2",0.903564653352547
2012,"GFCM.HCR.modif","fbar","2",1.00833127600388
2013,"GFCM.HCR.modif","fbar","2",1.17856808815664
2014,"GFCM.HCR.modif","fbar","2",1.69427955280132
2015,"GFCM.HCR.modif","fbar","2",1.45302622960645
2016,"GFCM.HCR.modif","fbar","2",1.56981863036812
2017,"GFCM.HCR.modif","fbar","2",1.57063960567781
2018,"GFCM.HCR.modif","fbar","2",0.0951704020383796
2019,"GFCM.HCR.modif","fbar","2",0.133118012842275
2020,"GFCM.HCR.modif","fbar","2",0.00336011290065247
2021,"GFCM.HCR.modif","fbar","2",0.38924746124568
2022,"GFCM.HCR.modif","fbar","2",0.648850644184989
2023,"GFCM.HCR.modif","fbar","2",0.681470927300528
2024,"GFCM.HCR.modif","fbar","2",0.635684920718686
2025,"GFCM.HCR.modif","fbar","2",0.571693228480266
2026,"GFCM.HCR.modif","fbar","2",0.559903741231484
2027,"GFCM.HCR.modif","fbar","2",0.589037892266674
